Historical NAV for a period From 01-Jan-2015 to 31-Dec-2019,,,
Mirae Asset Mutual Fund,,,
Mirae Asset Hybrid-Equity Fund,,,
Mirae Asset Hybrid-Equity Fund -Direct Plan-Growth,,,
Net Asset Value,Repurchase Price,Sale Price,NAV date
10.01,9.81,10.01,30-Jul-2015
10.063,9.862,10.063,31-Jul-2015
10.084,9.882,10.084,03-Aug-2015
10.069,9.868,10.069,04-Aug-2015
10.116,9.914,10.116,05-Aug-2015
10.132,9.929,10.132,06-Aug-2015
10.13,9.927,10.13,07-Aug-2015
10.109,9.907,10.109,10-Aug-2015
10.067,9.866,10.067,11-Aug-2015
9.967,9.768,9.967,12-Aug-2015
9.994,9.794,9.994,13-Aug-2015
10.149,9.946,10.149,14-Aug-2015
10.128,9.925,10.128,17-Aug-2015
10.155,9.952,10.155,18-Aug-2015
10.187,9.983,10.187,19-Aug-2015
10.084,9.882,10.084,20-Aug-2015
10.021,9.821,10.021,21-Aug-2015
9.57,9.379,9.57,24-Aug-2015
9.647,9.454,9.647,25-Aug-2015
9.59,9.398,9.59,26-Aug-2015
9.747,9.552,9.747,27-Aug-2015
9.788,9.592,9.788,28-Aug-2015
9.738,9.543,9.738,31-Aug-2015
9.575,9.384,9.575,01-Sep-2015
9.536,9.345,9.536,02-Sep-2015
9.64,9.447,9.64,03-Sep-2015
9.485,9.295,9.485,04-Sep-2015
9.377,9.189,9.377,07-Sep-2015
9.48,9.29,9.48,08-Sep-2015
9.596,9.404,9.596,09-Sep-2015
9.572,9.381,9.572,10-Sep-2015
9.59,9.398,9.59,11-Sep-2015
9.667,9.474,9.667,14-Sep-2015
9.65,9.457,9.65,15-Sep-2015
9.674,9.481,9.674,16-Sep-2015
9.73,9.535,9.73,18-Sep-2015
9.747,9.552,9.747,21-Sep-2015
9.612,9.42,9.612,22-Sep-2015
9.647,9.454,9.647,23-Sep-2015
9.673,9.48,9.673,24-Sep-2015
9.612,9.42,9.612,28-Sep-2015
9.676,9.482,9.676,29-Sep-2015
9.789,9.593,9.789,30-Sep-2015
9.796,9.6,9.796,01-Oct-2015
9.926,9.727,9.926,05-Oct-2015
9.95,9.751,9.95,06-Oct-2015
9.946,9.747,9.946,07-Oct-2015
9.91,9.712,9.91,08-Oct-2015
9.941,9.742,9.941,09-Oct-2015
9.909,9.711,9.909,12-Oct-2015
9.893,9.695,9.893,13-Oct-2015
9.884,9.686,9.884,14-Oct-2015
9.963,9.764,9.963,15-Oct-2015
10.022,9.822,10.022,16-Oct-2015
10.08,9.878,10.08,19-Oct-2015
10.094,9.892,10.094,20-Oct-2015
10.076,9.874,10.076,21-Oct-2015
10.101,9.899,10.101,23-Oct-2015
10.059,9.858,10.059,26-Oct-2015
10.064,9.863,10.064,27-Oct-2015
10.002,9.802,10.002,28-Oct-2015
9.944,9.745,9.944,29-Oct-2015
9.928,9.729,9.928,30-Oct-2015
9.933,9.734,9.933,02-Nov-2015
9.935,9.736,9.935,03-Nov-2015
9.909,9.711,9.909,04-Nov-2015
9.844,9.647,9.844,05-Nov-2015
9.853,9.656,9.853,06-Nov-2015
9.845,9.648,9.845,09-Nov-2015
9.735,9.54,9.735,10-Nov-2015
9.742,9.547,9.742,13-Nov-2015
9.77,9.575,9.77,16-Nov-2015
9.781,9.585,9.781,17-Nov-2015
9.709,9.515,9.709,18-Nov-2015
9.821,9.625,9.821,19-Nov-2015
9.84,9.643,9.84,20-Nov-2015
9.85,9.653,9.85,23-Nov-2015
9.83,9.633,9.83,24-Nov-2015
9.878,9.68,9.878,26-Nov-2015
9.918,9.72,9.918,27-Nov-2015
9.899,9.701,9.899,30-Nov-2015
9.926,9.727,9.926,01-Dec-2015
9.905,9.707,9.905,02-Dec-2015
9.855,9.658,9.855,03-Dec-2015
9.794,9.598,9.794,04-Dec-2015
9.802,9.606,9.802,07-Dec-2015
9.757,9.562,9.757,08-Dec-2015
9.664,9.471,9.664,09-Dec-2015
9.738,9.543,9.738,10-Dec-2015
9.686,9.492,9.686,11-Dec-2015
9.716,9.522,9.716,14-Dec-2015
9.777,9.581,9.777,15-Dec-2015
9.825,9.629,9.825,16-Dec-2015
9.936,9.737,9.936,17-Dec-2015
9.874,9.677,9.874,18-Dec-2015
9.928,9.729,9.928,21-Dec-2015
9.9,9.702,9.9,22-Dec-2015
9.973,9.774,9.973,23-Dec-2015
9.959,9.76,9.959,24-Dec-2015
10.01,9.81,10.01,28-Dec-2015
10.016,9.816,10.016,29-Dec-2015
9.991,9.791,9.991,30-Dec-2015
10.036,9.835,10.036,31-Dec-2015
10.063,9.862,10.063,01-Jan-2016
9.924,9.726,9.924,04-Jan-2016
9.924,9.726,9.924,05-Jan-2016
9.918,9.72,9.918,06-Jan-2016
9.755,9.56,9.755,07-Jan-2016
9.809,9.613,9.809,08-Jan-2016
9.775,9.58,9.775,11-Jan-2016
9.719,9.525,9.719,12-Jan-2016
9.774,9.579,9.774,13-Jan-2016
9.737,9.542,9.737,14-Jan-2016
9.62,9.428,9.62,15-Jan-2016
9.489,9.299,9.489,18-Jan-2016
9.563,9.372,9.563,19-Jan-2016
9.436,9.247,9.436,20-Jan-2016
9.407,9.219,9.407,21-Jan-2016
9.54,9.349,9.54,22-Jan-2016
9.569,9.378,9.569,25-Jan-2016
9.595,9.403,9.595,27-Jan-2016
9.597,9.405,9.597,28-Jan-2016
9.704,9.51,9.704,29-Jan-2016
9.68,9.486,9.68,01-Feb-2016
9.538,9.347,9.538,02-Feb-2016
9.462,9.273,9.462,03-Feb-2016
9.487,9.297,9.487,04-Feb-2016
9.559,9.368,9.559,05-Feb-2016
9.471,9.282,9.471,08-Feb-2016
9.361,9.174,9.361,09-Feb-2016
9.29,9.104,9.29,10-Feb-2016
9.065,8.884,9.065,11-Feb-2016
9.057,8.876,9.057,12-Feb-2016
9.223,9.039,9.223,15-Feb-2016
9.089,8.907,9.089,16-Feb-2016
9.164,8.981,9.164,17-Feb-2016
9.214,9.03,9.214,18-Feb-2016
9.22,9.036,9.22,19-Feb-2016
9.261,9.076,9.261,22-Feb-2016
9.135,8.952,9.135,23-Feb-2016
9.075,8.894,9.075,24-Feb-2016
8.998,8.818,8.998,25-Feb-2016
9.06,8.879,9.06,26-Feb-2016
9.074,8.893,9.074,29-Feb-2016
9.287,9.101,9.287,01-Mar-2016
9.455,9.266,9.455,02-Mar-2016
9.529,9.338,9.529,03-Mar-2016
9.552,9.361,9.552,04-Mar-2016
9.53,9.339,9.53,08-Mar-2016
9.573,9.382,9.573,09-Mar-2016
9.512,9.322,9.512,10-Mar-2016
9.541,9.35,9.541,11-Mar-2016
9.583,9.391,9.583,14-Mar-2016
9.543,9.352,9.543,15-Mar-2016
9.555,9.364,9.555,16-Mar-2016
9.6,9.408,9.6,17-Mar-2016
9.679,9.485,9.679,18-Mar-2016
9.8,9.604,9.8,21-Mar-2016
9.819,9.623,9.819,22-Mar-2016
9.811,9.615,9.811,23-Mar-2016
9.718,9.524,9.718,28-Mar-2016
9.725,9.531,9.725,29-Mar-2016
9.844,9.647,9.844,30-Mar-2016
9.88,9.682,9.88,31-Mar-2016
9.872,9.675,9.872,01-Apr-2016
9.91,9.712,9.91,04-Apr-2016
9.763,9.568,9.763,05-Apr-2016
9.786,9.59,9.786,06-Apr-2016
9.732,9.537,9.732,07-Apr-2016
9.74,9.545,9.74,08-Apr-2016
9.844,9.647,9.844,11-Apr-2016
9.896,9.698,9.896,12-Apr-2016
10.018,9.818,10.018,13-Apr-2016
10.103,9.901,10.103,18-Apr-2016
10.091,9.889,10.091,20-Apr-2016
10.118,9.916,10.118,21-Apr-2016
10.104,9.902,10.104,22-Apr-2016
10.059,9.858,10.059,25-Apr-2016
10.163,9.96,10.163,26-Apr-2016
10.176,9.972,10.176,27-Apr-2016
10.059,9.858,10.059,28-Apr-2016
10.078,9.876,10.078,29-Apr-2016
10.063,9.862,10.063,02-May-2016
10.02,9.82,10.02,03-May-2016
9.967,9.768,9.967,04-May-2016
9.968,9.769,9.968,05-May-2016
9.988,9.788,9.988,06-May-2016
10.09,9.888,10.09,09-May-2016
10.101,9.899,10.101,10-May-2016
10.102,9.9,10.102,11-May-2016
10.16,9.957,10.16,12-May-2016
10.091,9.889,10.091,13-May-2016
10.129,9.926,10.129,16-May-2016
10.156,9.953,10.156,17-May-2016
10.125,9.923,10.125,18-May-2016
10.056,9.855,10.056,19-May-2016
10.004,9.804,10.004,20-May-2016
9.989,9.789,9.989,23-May-2016
9.985,9.785,9.985,24-May-2016
10.171,9.968,10.171,25-May-2016
10.281,10.075,10.281,26-May-2016
10.399,10.191,10.399,27-May-2016
10.41,10.202,10.41,30-May-2016
10.409,10.201,10.409,31-May-2016
10.411,10.203,10.411,01-Jun-2016
10.457,10.248,10.457,02-Jun-2016
10.469,10.26,10.469,03-Jun-2016
10.453,10.244,10.453,06-Jun-2016
10.522,10.312,10.522,07-Jun-2016
10.529,10.318,10.529,08-Jun-2016
10.48,10.27,10.48,09-Jun-2016
10.436,10.227,10.436,10-Jun-2016
10.396,10.188,10.396,13-Jun-2016
10.398,10.19,10.398,14-Jun-2016
10.506,10.296,10.506,15-Jun-2016
10.452,10.243,10.452,16-Jun-2016
10.465,10.256,10.465,17-Jun-2016
10.508,10.298,10.508,20-Jun-2016
10.492,10.282,10.492,21-Jun-2016
10.481,10.271,10.481,22-Jun-2016
10.556,10.345,10.556,23-Jun-2016
10.404,10.196,10.404,24-Jun-2016
10.431,10.222,10.431,27-Jun-2016
10.468,10.259,10.468,28-Jun-2016
10.526,10.315,10.526,29-Jun-2016
10.603,10.391,10.603,30-Jun-2016
10.64,10.427,10.64,01-Jul-2016
10.688,10.474,10.688,04-Jul-2016
10.659,10.446,10.659,05-Jul-2016
10.661,10.448,10.661,07-Jul-2016
10.65,10.437,10.65,08-Jul-2016
10.779,10.563,10.779,11-Jul-2016
10.844,10.627,10.844,12-Jul-2016
10.834,10.617,10.834,13-Jul-2016
10.89,10.672,10.89,14-Jul-2016
10.88,10.662,10.88,15-Jul-2016
10.847,10.63,10.847,18-Jul-2016
10.892,10.674,10.892,19-Jul-2016
10.939,10.72,10.939,20-Jul-2016
10.915,10.697,10.915,21-Jul-2016
10.956,10.737,10.956,22-Jul-2016
11.066,10.845,11.066,25-Jul-2016
11.015,10.795,11.015,26-Jul-2016
11.075,10.853,11.075,27-Jul-2016
11.139,10.916,11.139,28-Jul-2016
11.146,10.923,11.146,29-Jul-2016
11.168,10.945,11.168,01-Aug-2016
11.152,10.929,11.152,02-Aug-2016
11.047,10.826,11.047,03-Aug-2016
11.057,10.836,11.057,04-Aug-2016
11.189,10.965,11.189,05-Aug-2016
11.23,11.005,11.23,08-Aug-2016
11.205,10.981,11.205,09-Aug-2016
11.1,10.878,11.1,10-Aug-2016
11.099,10.877,11.099,11-Aug-2016
11.163,10.94,11.163,12-Aug-2016
11.175,10.952,11.175,16-Aug-2016
11.173,10.95,11.173,17-Aug-2016
11.249,11.024,11.249,18-Aug-2016
11.264,11.039,11.264,19-Aug-2016
11.202,10.978,11.202,22-Aug-2016
11.184,10.96,11.184,23-Aug-2016
11.225,11,11.225,24-Aug-2016
11.168,10.945,11.168,25-Aug-2016
11.147,10.924,11.147,26-Aug-2016
11.18,10.956,11.18,29-Aug-2016
11.293,11.067,11.293,30-Aug-2016
11.353,11.126,11.353,31-Aug-2016
11.338,11.111,11.338,01-Sep-2016
11.384,11.156,11.384,02-Sep-2016
11.51,11.28,11.51,06-Sep-2016
11.505,11.275,11.505,07-Sep-2016
11.551,11.32,11.551,08-Sep-2016
11.484,11.254,11.484,09-Sep-2016
11.315,11.089,11.315,12-Sep-2016
11.332,11.105,11.332,14-Sep-2016
11.352,11.125,11.352,15-Sep-2016
11.376,11.148,11.376,16-Sep-2016
11.419,11.191,11.419,19-Sep-2016
11.378,11.15,11.378,20-Sep-2016
11.37,11.143,11.37,21-Sep-2016
11.479,11.249,11.479,22-Sep-2016
11.463,11.234,11.463,23-Sep-2016
11.393,11.165,11.393,26-Sep-2016
11.37,11.143,11.37,27-Sep-2016
11.416,11.188,11.416,28-Sep-2016
11.243,11.018,11.243,29-Sep-2016
11.309,11.083,11.309,30-Sep-2016
11.479,11.249,11.479,03-Oct-2016
11.531,11.3,11.531,04-Oct-2016
11.535,11.304,11.535,05-Oct-2016
11.527,11.296,11.527,06-Oct-2016
11.526,11.295,11.526,07-Oct-2016
11.539,11.308,11.539,10-Oct-2016
11.398,11.17,11.398,13-Oct-2016
11.452,11.223,11.452,14-Oct-2016
11.386,11.158,11.386,17-Oct-2016
11.545,11.314,11.545,18-Oct-2016
11.55,11.319,11.55,19-Oct-2016
11.592,11.36,11.592,20-Oct-2016
11.615,11.383,11.615,21-Oct-2016
11.639,11.406,11.639,24-Oct-2016
11.641,11.408,11.641,25-Oct-2016
11.564,11.333,11.564,26-Oct-2016
11.509,11.279,11.509,27-Oct-2016
11.571,11.34,11.571,28-Oct-2016
11.56,11.329,11.56,01-Nov-2016
11.429,11.2,11.429,02-Nov-2016
11.373,11.146,11.373,03-Nov-2016
11.303,11.077,11.303,04-Nov-2016
11.388,11.16,11.388,07-Nov-2016
11.446,11.217,11.446,08-Nov-2016
11.357,11.13,11.357,09-Nov-2016
11.486,11.256,11.486,10-Nov-2016
11.235,11.01,11.235,11-Nov-2016
11.006,10.786,11.006,15-Nov-2016
11.035,10.814,11.035,16-Nov-2016
11.02,10.8,11.02,17-Nov-2016
11.01,10.79,11.01,18-Nov-2016
10.857,10.64,10.857,21-Nov-2016
10.93,10.711,10.93,22-Nov-2016
10.986,10.766,10.986,23-Nov-2016
10.925,10.707,10.925,24-Nov-2016
11.066,10.845,11.066,25-Nov-2016
11.078,10.856,11.078,28-Nov-2016
11.098,10.876,11.098,29-Nov-2016
11.189,10.965,11.189,30-Nov-2016
11.146,10.923,11.146,01-Dec-2016
11.018,10.798,11.018,02-Dec-2016
11.055,10.834,11.055,05-Dec-2016
11.079,10.857,11.079,06-Dec-2016
11.026,10.805,11.026,07-Dec-2016
11.176,10.952,11.176,08-Dec-2016
11.183,10.959,11.183,09-Dec-2016
11.081,10.859,11.081,12-Dec-2016
11.119,10.897,11.119,13-Dec-2016
11.073,10.852,11.073,14-Dec-2016
11.045,10.824,11.045,15-Dec-2016
11.037,10.816,11.037,16-Dec-2016
11.013,10.793,11.013,19-Dec-2016
10.99,10.77,10.99,20-Dec-2016
10.983,10.763,10.983,21-Dec-2016
10.886,10.668,10.886,22-Dec-2016
10.906,10.688,10.906,23-Dec-2016
10.826,10.609,10.826,26-Dec-2016
10.946,10.727,10.946,27-Dec-2016
10.951,10.732,10.951,28-Dec-2016
11.026,10.805,11.026,29-Dec-2016
11.112,10.89,11.112,30-Dec-2016
11.132,10.909,11.132,02-Jan-2017
11.169,10.946,11.169,03-Jan-2017
11.171,10.948,11.171,04-Jan-2017
11.27,11.045,11.27,05-Jan-2017
11.235,11.01,11.235,06-Jan-2017
11.238,11.013,11.238,09-Jan-2017
11.308,11.082,11.308,10-Jan-2017
11.417,11.189,11.417,11-Jan-2017
11.443,11.214,11.443,12-Jan-2017
11.419,11.191,11.419,13-Jan-2017
11.448,11.219,11.448,16-Jan-2017
11.427,11.198,11.427,17-Jan-2017
11.452,11.223,11.452,18-Jan-2017
11.486,11.256,11.486,19-Jan-2017
11.402,11.174,11.402,20-Jan-2017
11.462,11.233,11.462,23-Jan-2017
11.55,11.319,11.55,24-Jan-2017
11.697,11.463,11.697,25-Jan-2017
11.73,11.495,11.73,27-Jan-2017
11.72,11.486,11.72,30-Jan-2017
11.628,11.395,11.628,31-Jan-2017
11.823,11.587,11.823,01-Feb-2017
11.849,11.612,11.849,02-Feb-2017
11.852,11.615,11.852,03-Feb-2017
11.918,11.68,11.918,06-Feb-2017
11.895,11.657,11.895,07-Feb-2017
11.867,11.63,11.867,08-Feb-2017
11.853,11.616,11.853,09-Feb-2017
11.877,11.639,11.877,10-Feb-2017
11.89,11.652,11.89,13-Feb-2017
11.863,11.626,11.863,14-Feb-2017
11.78,11.544,11.78,15-Feb-2017
11.857,11.62,11.857,16-Feb-2017
11.923,11.685,11.923,17-Feb-2017
11.992,11.752,11.992,20-Feb-2017
12.043,11.802,12.043,21-Feb-2017
12.008,11.768,12.008,22-Feb-2017
12.012,11.772,12.012,23-Feb-2017
11.967,11.728,11.967,27-Feb-2017
11.972,11.733,11.972,28-Feb-2017
12.03,11.789,12.03,01-Mar-2017
11.984,11.744,11.984,02-Mar-2017
11.985,11.745,11.985,03-Mar-2017
12.051,11.81,12.051,06-Mar-2017
12.039,11.798,12.039,07-Mar-2017
12.001,11.761,12.001,08-Mar-2017
12.009,11.769,12.009,09-Mar-2017
11.996,11.756,11.996,10-Mar-2017
12.15,11.907,12.15,14-Mar-2017
12.167,11.924,12.167,15-Mar-2017
12.265,12.02,12.265,16-Mar-2017
12.27,12.025,12.27,17-Mar-2017
12.245,12,12.245,20-Mar-2017
12.257,12.012,12.257,21-Mar-2017
12.184,11.94,12.184,22-Mar-2017
12.245,12,12.245,23-Mar-2017
12.27,12.025,12.27,24-Mar-2017
12.22,11.976,12.22,27-Mar-2017
12.282,12.036,12.282,28-Mar-2017
12.327,12.08,12.327,29-Mar-2017
12.399,12.151,12.399,30-Mar-2017
12.413,12.165,12.413,31-Mar-2017
12.459,12.21,12.459,03-Apr-2017
12.509,12.259,12.509,05-Apr-2017
12.5,12.25,12.5,06-Apr-2017
12.441,12.192,12.441,07-Apr-2017
12.457,12.208,12.457,10-Apr-2017
12.506,12.256,12.506,11-Apr-2017
12.468,12.219,12.468,12-Apr-2017
12.413,12.165,12.413,13-Apr-2017
12.424,12.176,12.424,17-Apr-2017
12.393,12.145,12.393,18-Apr-2017
12.413,12.165,12.413,19-Apr-2017
12.469,12.22,12.469,20-Apr-2017
12.433,12.184,12.433,21-Apr-2017
12.531,12.28,12.531,24-Apr-2017
12.601,12.349,12.601,25-Apr-2017
12.619,12.367,12.619,26-Apr-2017
12.612,12.36,12.612,27-Apr-2017
12.598,12.346,12.598,28-Apr-2017
12.605,12.353,12.605,02-May-2017
12.58,12.328,12.58,03-May-2017
12.64,12.387,12.64,04-May-2017
12.574,12.323,12.574,05-May-2017
12.597,12.345,12.597,08-May-2017
12.612,12.36,12.612,09-May-2017
12.691,12.437,12.691,10-May-2017
12.708,12.454,12.708,11-May-2017
12.694,12.44,12.694,12-May-2017
12.776,12.52,12.776,15-May-2017
12.824,12.568,12.824,16-May-2017
12.866,12.609,12.866,17-May-2017
12.74,12.485,12.74,18-May-2017
12.724,12.47,12.724,19-May-2017
12.711,12.457,12.711,22-May-2017
12.635,12.382,12.635,23-May-2017
12.594,12.342,12.594,24-May-2017
12.764,12.509,12.764,25-May-2017
12.892,12.634,12.892,26-May-2017
12.855,12.598,12.855,29-May-2017
12.899,12.641,12.899,30-May-2017
12.931,12.672,12.931,31-May-2017
12.918,12.66,12.918,01-Jun-2017
12.945,12.686,12.945,02-Jun-2017
12.971,12.712,12.971,05-Jun-2017
12.952,12.693,12.952,06-Jun-2017
12.996,12.736,12.996,07-Jun-2017
12.99,12.73,12.99,08-Jun-2017
13.018,12.758,13.018,09-Jun-2017
12.96,12.701,12.96,12-Jun-2017
12.958,12.699,12.958,13-Jun-2017
12.968,12.709,12.968,14-Jun-2017
12.912,12.654,12.912,15-Jun-2017
12.927,12.668,12.927,16-Jun-2017
13.003,12.743,13.003,19-Jun-2017
13.019,12.759,13.019,20-Jun-2017
12.997,12.737,12.997,21-Jun-2017
12.973,12.714,12.973,22-Jun-2017
12.917,12.659,12.917,23-Jun-2017
12.878,12.62,12.878,27-Jun-2017
12.88,12.622,12.88,28-Jun-2017
12.908,12.65,12.908,29-Jun-2017
12.938,12.679,12.938,30-Jun-2017
13.018,12.758,13.018,03-Jul-2017
13.009,12.749,13.009,04-Jul-2017
13.062,12.801,13.062,05-Jul-2017
13.092,12.83,13.092,06-Jul-2017
13.077,12.815,13.077,07-Jul-2017
13.19,12.926,13.19,10-Jul-2017
13.19,12.926,13.19,11-Jul-2017
13.249,12.984,13.249,12-Jul-2017
13.331,13.064,13.331,13-Jul-2017
13.328,13.061,13.328,14-Jul-2017
13.375,13.108,13.375,17-Jul-2017
13.328,13.061,13.328,18-Jul-2017
13.404,13.136,13.404,19-Jul-2017
13.374,13.107,13.374,20-Jul-2017
13.395,13.127,13.395,21-Jul-2017
13.429,13.16,13.429,24-Jul-2017
13.445,13.176,13.445,25-Jul-2017
13.495,13.225,13.495,26-Jul-2017
13.503,13.368,13.503,27-Jul-2017
13.485,13.35,13.485,28-Jul-2017
13.579,13.443,13.579,31-Jul-2017
13.613,13.477,13.613,01-Aug-2017
13.578,13.442,13.578,02-Aug-2017
13.542,13.407,13.542,03-Aug-2017
13.605,13.469,13.605,04-Aug-2017
13.66,13.523,13.66,07-Aug-2017
13.587,13.451,13.587,08-Aug-2017
13.49,13.355,13.49,09-Aug-2017
13.336,13.203,13.336,10-Aug-2017
13.256,13.123,13.256,11-Aug-2017
13.398,13.264,13.398,14-Aug-2017
13.499,13.364,13.499,16-Aug-2017
13.487,13.352,13.487,17-Aug-2017
13.44,13.306,13.44,18-Aug-2017
13.344,13.211,13.344,21-Aug-2017
13.337,13.204,13.337,22-Aug-2017
13.453,13.318,13.453,23-Aug-2017
13.476,13.341,13.476,24-Aug-2017
13.525,13.39,13.525,28-Aug-2017
13.423,13.289,13.423,29-Aug-2017
13.529,13.394,13.529,30-Aug-2017
13.574,13.438,13.574,31-Aug-2017
13.67,13.533,13.67,01-Sep-2017
13.604,13.468,13.604,04-Sep-2017
13.647,13.511,13.647,05-Sep-2017
13.62,13.484,13.62,06-Sep-2017
13.657,13.52,13.657,07-Sep-2017
13.676,13.539,13.676,08-Sep-2017
13.778,13.64,13.778,11-Sep-2017
13.88,13.741,13.88,12-Sep-2017
13.827,13.689,13.827,13-Sep-2017
13.857,13.718,13.857,14-Sep-2017
13.851,13.712,13.851,15-Sep-2017
13.918,13.779,13.918,18-Sep-2017
13.937,13.798,13.937,19-Sep-2017
13.917,13.778,13.917,20-Sep-2017
13.857,13.718,13.857,21-Sep-2017
13.647,13.511,13.647,22-Sep-2017
13.532,13.397,13.532,25-Sep-2017
13.554,13.418,13.554,26-Sep-2017
13.401,13.267,13.401,27-Sep-2017
13.437,13.303,13.437,28-Sep-2017
13.5,13.365,13.5,29-Sep-2017
13.584,13.448,13.584,03-Oct-2017
13.62,13.484,13.62,04-Oct-2017
13.6,13.464,13.6,05-Oct-2017
13.693,13.556,13.693,06-Oct-2017
13.683,13.546,13.683,09-Oct-2017
13.738,13.601,13.738,10-Oct-2017
13.688,13.551,13.688,11-Oct-2017
13.776,13.638,13.776,12-Oct-2017
13.857,13.718,13.857,13-Oct-2017
13.908,13.769,13.908,16-Oct-2017
13.917,13.778,13.917,17-Oct-2017
13.892,13.753,13.892,18-Oct-2017
13.882,13.743,13.882,23-Oct-2017
13.901,13.762,13.901,24-Oct-2017
14.033,13.893,14.033,25-Oct-2017
14.068,13.927,14.068,26-Oct-2017
14.05,13.91,14.05,27-Oct-2017
14.095,13.954,14.095,30-Oct-2017
14.09,13.949,14.09,31-Oct-2017
14.23,14.088,14.23,01-Nov-2017
14.254,14.111,14.254,02-Nov-2017
14.28,14.137,14.28,03-Nov-2017
14.288,14.145,14.288,06-Nov-2017
14.188,14.046,14.188,07-Nov-2017
14.115,13.974,14.115,08-Nov-2017
14.158,14.016,14.158,09-Nov-2017
14.161,14.019,14.161,10-Nov-2017
14.076,13.935,14.076,13-Nov-2017
14.02,13.88,14.02,14-Nov-2017
13.944,13.805,13.944,15-Nov-2017
14.029,13.889,14.029,16-Nov-2017
14.12,13.979,14.12,17-Nov-2017
14.182,14.04,14.182,20-Nov-2017
14.198,14.056,14.198,21-Nov-2017
14.224,14.082,14.224,22-Nov-2017
14.235,14.093,14.235,23-Nov-2017
14.279,14.136,14.279,24-Nov-2017
14.279,14.136,14.279,27-Nov-2017
14.245,14.103,14.245,28-Nov-2017
14.243,14.101,14.243,29-Nov-2017
14.118,13.977,14.118,30-Nov-2017
14.003,13.863,14.003,01-Dec-2017
14.01,13.87,14.01,04-Dec-2017
14.004,13.864,14.004,05-Dec-2017
13.92,13.781,13.92,06-Dec-2017
14.07,13.929,14.07,07-Dec-2017
14.183,14.041,14.183,08-Dec-2017
14.227,14.085,14.227,11-Dec-2017
14.149,14.008,14.149,12-Dec-2017
14.079,13.938,14.079,13-Dec-2017
14.138,13.997,14.138,14-Dec-2017
14.229,14.087,14.229,15-Dec-2017
14.301,14.158,14.301,18-Dec-2017
14.378,14.234,14.378,19-Dec-2017
14.354,14.21,14.354,20-Dec-2017
14.38,14.236,14.38,21-Dec-2017
14.423,14.279,14.423,22-Dec-2017
14.466,14.321,14.466,26-Dec-2017
14.426,14.282,14.426,27-Dec-2017
14.402,14.258,14.402,28-Dec-2017
14.475,14.33,14.475,29-Dec-2017
14.385,14.241,14.385,01-Jan-2018
14.372,14.228,14.372,02-Jan-2018
14.386,14.242,14.386,03-Jan-2018
14.475,14.33,14.475,04-Jan-2018
14.565,14.419,14.565,05-Jan-2018
14.612,14.466,14.612,08-Jan-2018
14.599,14.453,14.599,09-Jan-2018
14.579,14.433,14.579,10-Jan-2018
14.598,14.452,14.598,11-Jan-2018
14.628,14.482,14.628,12-Jan-2018
14.695,14.548,14.695,15-Jan-2018
14.614,14.468,14.614,16-Jan-2018
14.723,14.576,14.723,17-Jan-2018
14.697,14.55,14.697,18-Jan-2018
14.779,14.631,14.779,19-Jan-2018
14.817,14.669,14.817,22-Jan-2018
14.942,14.793,14.942,23-Jan-2018
14.935,14.786,14.935,24-Jan-2018
14.899,14.75,14.899,25-Jan-2018
14.915,14.766,14.915,29-Jan-2018
14.838,14.69,14.838,30-Jan-2018
14.787,14.639,14.787,31-Jan-2018
14.753,14.605,14.753,01-Feb-2018
14.459,14.314,14.459,02-Feb-2018
14.351,14.207,14.351,05-Feb-2018
14.175,14.033,14.175,06-Feb-2018
14.178,14.036,14.178,07-Feb-2018
14.313,14.17,14.313,08-Feb-2018
14.22,14.078,14.22,09-Feb-2018
14.319,14.176,14.319,12-Feb-2018
14.268,14.125,14.268,14-Feb-2018
14.289,14.146,14.289,15-Feb-2018
14.191,14.049,14.191,16-Feb-2018
14.094,13.953,14.094,19-Feb-2018
14.083,13.942,14.083,20-Feb-2018
14.088,13.947,14.088,21-Feb-2018
14.063,13.922,14.063,22-Feb-2018
14.213,14.071,14.213,23-Feb-2018
14.328,14.185,14.328,26-Feb-2018
14.287,14.144,14.287,27-Feb-2018
14.213,14.071,14.213,28-Feb-2018
14.164,14.022,14.164,01-Mar-2018
14.052,13.911,14.052,05-Mar-2018
13.944,13.805,13.944,06-Mar-2018
13.841,13.703,13.841,07-Mar-2018
13.925,13.786,13.925,08-Mar-2018
13.887,13.748,13.887,09-Mar-2018
14.062,13.921,14.062,12-Mar-2018
14.086,13.945,14.086,13-Mar-2018
14.073,13.932,14.073,14-Mar-2018
14.033,13.893,14.033,15-Mar-2018
13.887,13.748,13.887,16-Mar-2018
13.769,13.631,13.769,19-Mar-2018
13.798,13.66,13.798,20-Mar-2018
13.824,13.686,13.824,21-Mar-2018
13.781,13.643,13.781,22-Mar-2018
13.663,13.526,13.663,23-Mar-2018
13.789,13.651,13.789,26-Mar-2018
13.887,13.748,13.887,27-Mar-2018
13.788,13.65,13.788,28-Mar-2018
13.916,13.777,13.916,02-Apr-2018
13.97,13.83,13.97,03-Apr-2018
13.853,13.714,13.853,04-Apr-2018
14.067,13.926,14.067,05-Apr-2018
14.082,13.941,14.082,06-Apr-2018
14.108,13.967,14.108,09-Apr-2018
14.107,13.966,14.107,10-Apr-2018
14.094,13.953,14.094,11-Apr-2018
14.128,13.987,14.128,12-Apr-2018
14.146,14.005,14.146,13-Apr-2018
14.18,14.038,14.18,16-Apr-2018
14.2,14.058,14.2,17-Apr-2018
14.167,14.025,14.167,18-Apr-2018
14.213,14.071,14.213,19-Apr-2018
14.2,14.058,14.2,20-Apr-2018
14.226,14.084,14.226,23-Apr-2018
14.237,14.095,14.237,24-Apr-2018
14.177,14.035,14.177,25-Apr-2018
14.205,14.063,14.205,26-Apr-2018
14.289,14.146,14.289,27-Apr-2018
14.361,14.217,14.361,30-Apr-2018
14.315,14.172,14.315,02-May-2018
14.256,14.113,14.256,03-May-2018
14.227,14.085,14.227,04-May-2018
14.337,14.194,14.337,07-May-2018
14.353,14.209,14.353,08-May-2018
14.355,14.211,14.355,09-May-2018
14.31,14.167,14.31,10-May-2018
14.401,14.257,14.401,11-May-2018
14.363,14.219,14.363,14-May-2018
14.324,14.181,14.324,15-May-2018
14.255,14.112,14.255,16-May-2018
14.209,14.067,14.209,17-May-2018
14.101,13.96,14.101,18-May-2018
14.006,13.866,14.006,21-May-2018
14.055,13.914,14.055,22-May-2018
13.949,13.81,13.949,23-May-2018
14.012,13.872,14.012,24-May-2018
14.144,14.003,14.144,25-May-2018
14.271,14.128,14.271,28-May-2018
14.221,14.079,14.221,29-May-2018
14.207,14.065,14.207,30-May-2018
14.308,14.165,14.308,31-May-2018
14.252,14.109,14.252,01-Jun-2018
14.166,14.024,14.166,04-Jun-2018
14.142,14.001,14.142,05-Jun-2018
14.23,14.088,14.23,06-Jun-2018
14.305,14.162,14.305,07-Jun-2018
14.32,14.177,14.32,08-Jun-2018
14.332,14.189,14.332,11-Jun-2018
14.384,14.24,14.384,12-Jun-2018
14.389,14.245,14.389,13-Jun-2018
14.362,14.218,14.362,14-Jun-2018
14.353,14.209,14.353,15-Jun-2018
14.342,14.199,14.342,18-Jun-2018
14.244,14.102,14.244,19-Jun-2018
14.312,14.169,14.312,20-Jun-2018
14.282,14.139,14.282,21-Jun-2018
14.341,14.198,14.341,22-Jun-2018
14.267,14.124,14.267,25-Jun-2018
14.289,14.146,14.289,26-Jun-2018
14.165,14.023,14.165,27-Jun-2018
14.077,13.936,14.077,28-Jun-2018
14.224,14.082,14.224,29-Jun-2018
14.164,14.022,14.164,02-Jul-2018
14.223,,,03-Jul-2018
14.271,,,04-Jul-2018
14.229,,,05-Jul-2018
14.267,,,06-Jul-2018
14.361,,,09-Jul-2018
14.457,,,10-Jul-2018
14.428,,,11-Jul-2018
14.469,,,12-Jul-2018
14.428,,,13-Jul-2018
14.287,,,16-Jul-2018
14.407,,,17-Jul-2018
14.352,,,18-Jul-2018
14.319,,,19-Jul-2018
14.373,,,20-Jul-2018
14.47,,,23-Jul-2018
14.562,,,24-Jul-2018
14.572,,,25-Jul-2018
14.626,,,26-Jul-2018
14.763,,,27-Jul-2018
14.8,,,30-Jul-2018
14.855,,,31-Jul-2018
14.855,,,01-Aug-2018
14.81,,,02-Aug-2018
14.912,,,03-Aug-2018
14.948,,,06-Aug-2018
14.952,,,07-Aug-2018
14.999,,,08-Aug-2018
15.041,,,09-Aug-2018
14.975,,,10-Aug-2018
14.904,,,13-Aug-2018
15.002,,,14-Aug-2018
14.946,,,16-Aug-2018
15.057,,,17-Aug-2018
15.156,,,20-Aug-2018
15.164,,,21-Aug-2018
15.157,,,23-Aug-2018
15.129,,,24-Aug-2018
15.278,,,27-Aug-2018
15.293,,,28-Aug-2018
15.268,,,29-Aug-2018
15.273,,,30-Aug-2018
15.284,,,31-Aug-2018
15.223,,,03-Sep-2018
15.08,,,04-Sep-2018
15.054,,,05-Sep-2018
15.121,,,06-Sep-2018
15.199,,,07-Sep-2018
15.051,,,10-Sep-2018
14.871,,,11-Sep-2018
14.962,,,12-Sep-2018
15.128,,,14-Sep-2018
15.026,,,17-Sep-2018
14.893,,,18-Sep-2018
14.861,,,19-Sep-2018
14.796,,,21-Sep-2018
14.599,,,24-Sep-2018
14.686,,,25-Sep-2018
14.706,,,26-Sep-2018
14.587,,,27-Sep-2018
14.502,,,28-Sep-2018
14.569,,,01-Oct-2018
14.441,,,03-Oct-2018
14.197,,,04-Oct-2018
13.929,,,05-Oct-2018
13.917,,,08-Oct-2018
13.877,,,09-Oct-2018
14.134,,,10-Oct-2018
13.951,,,11-Oct-2018
14.197,,,12-Oct-2018
14.24,,,15-Oct-2018
14.344,,,16-Oct-2018
14.159,,,17-Oct-2018
14.076,,,19-Oct-2018
13.996,,,22-Oct-2018
13.912,,,23-Oct-2018
14.008,,,24-Oct-2018
13.931,,,25-Oct-2018
13.852,,,26-Oct-2018
14.129,,,29-Oct-2018
14.105,,,30-Oct-2018
14.261,,,31-Oct-2018
14.327,,,01-Nov-2018
14.494,,,02-Nov-2018
14.469,,,05-Nov-2018
14.43,,,06-Nov-2018
14.549,,,09-Nov-2018
14.433,,,12-Nov-2018
14.54,,,13-Nov-2018
14.553,,,14-Nov-2018
14.624,,,15-Nov-2018
14.651,,,16-Nov-2018
14.74,,,19-Nov-2018
14.619,,,20-Nov-2018
14.625,,,21-Nov-2018
14.541,,,22-Nov-2018
14.641,,,26-Nov-2018
14.677,,,27-Nov-2018
14.687,,,28-Nov-2018
14.805,,,29-Nov-2018
14.822,,,30-Nov-2018
14.824,,,03-Dec-2018
14.836,,,04-Dec-2018
14.713,,,05-Dec-2018
14.523,,,06-Dec-2018
14.582,,,07-Dec-2018
14.393,,,10-Dec-2018
14.48,,,11-Dec-2018
14.706,,,12-Dec-2018
14.764,,,13-Dec-2018
14.775,,,14-Dec-2018
14.856,,,17-Dec-2018
14.898,,,18-Dec-2018
14.982,,,19-Dec-2018
14.964,,,20-Dec-2018
14.806,,,21-Dec-2018
14.723,,,24-Dec-2018
14.775,,,26-Dec-2018
14.785,,,27-Dec-2018
14.861,,,28-Dec-2018
14.881,,,31-Dec-2018
14.902,,,01-Jan-2019
14.791,,,02-Jan-2019
14.681,,,03-Jan-2019
14.735,,,04-Jan-2019
14.791,,,07-Jan-2019
14.835,,,08-Jan-2019
14.883,,,09-Jan-2019
14.866,,,10-Jan-2019
14.828,,,11-Jan-2019
14.785,,,14-Jan-2019
14.885,,,15-Jan-2019
14.891,,,16-Jan-2019
14.882,,,17-Jan-2019
14.833,,,18-Jan-2019
14.841,,,21-Jan-2019
14.844,,,22-Jan-2019
14.791,,,23-Jan-2019
14.777,,,24-Jan-2019
14.69,,,25-Jan-2019
14.571,,,28-Jan-2019
14.585,,,29-Jan-2019
14.679,,,30-Jan-2019
14.846,,,31-Jan-2019
14.856,,,01-Feb-2019
14.811,,,04-Feb-2019
14.813,,,05-Feb-2019
14.938,,,06-Feb-2019
14.979,,,07-Feb-2019
14.823,,,08-Feb-2019
14.748,,,11-Feb-2019
14.73,,,12-Feb-2019
14.677,,,13-Feb-2019
14.652,,,14-Feb-2019
14.59,,,15-Feb-2019
14.504,,,18-Feb-2019
14.481,,,19-Feb-2019
14.613,,,20-Feb-2019
14.683,,,21-Feb-2019
14.706,,,22-Feb-2019
14.805,,,25-Feb-2019
14.79,,,26-Feb-2019
14.805,,,27-Feb-2019
14.809,,,28-Feb-2019
14.913,,,01-Mar-2019
15.096,,,05-Mar-2019
15.155,,,06-Mar-2019
15.151,,,07-Mar-2019
15.126,,,08-Mar-2019
15.297,,,11-Mar-2019
15.439,,,12-Mar-2019
15.444,,,13-Mar-2019
15.467,,,14-Mar-2019
15.536,,,15-Mar-2019
15.591,,,18-Mar-2019
15.663,,,19-Mar-2019
15.608,,,20-Mar-2019
15.562,,,22-Mar-2019
15.467,,,25-Mar-2019
15.601,,,26-Mar-2019
15.568,,,27-Mar-2019
15.668,,,28-Mar-2019
15.749,,,29-Mar-2019
15.75,,,31-Mar-2019
15.808,,,01-Apr-2019
15.833,,,02-Apr-2019
15.743,,,03-Apr-2019
15.69,,,04-Apr-2019
15.748,,,05-Apr-2019
15.681,,,08-Apr-2019
15.77,,,09-Apr-2019
15.706,,,10-Apr-2019
15.721,,,11-Apr-2019
15.782,,,12-Apr-2019
15.86,,,15-Apr-2019
15.939,,,16-Apr-2019
15.878,,,18-Apr-2019
15.713,,,22-Apr-2019
15.693,,,23-Apr-2019
15.816,,,24-Apr-2019
15.729,,,25-Apr-2019
15.844,,,26-Apr-2019
15.862,,,30-Apr-2019
15.802,,,02-May-2019
15.79,,,03-May-2019
15.695,,,06-May-2019
15.589,,,07-May-2019
15.451,,,08-May-2019
15.416,,,09-May-2019
15.402,,,10-May-2019
15.217,,,13-May-2019
15.294,,,14-May-2019
15.191,,,15-May-2019
15.3,,,16-May-2019
15.449,,,17-May-2019
15.858,,,20-May-2019
15.716,,,21-May-2019
15.764,,,22-May-2019
15.738,,,23-May-2019
16.014,,,24-May-2019
16.141,,,27-May-2019
16.157,,,28-May-2019
16.062,,,29-May-2019
16.131,,,30-May-2019
16.127,,,31-May-2019
16.285,,,03-Jun-2019
16.24,,,04-Jun-2019
16.067,,,06-Jun-2019
16.099,,,07-Jun-2019
16.134,,,10-Jun-2019
16.193,,,11-Jun-2019
16.148,,,12-Jun-2019
16.165,,,13-Jun-2019
16.063,,,14-Jun-2019
15.904,,,17-Jun-2019
15.922,,,18-Jun-2019
15.904,,,19-Jun-2019
16.101,,,20-Jun-2019
16.031,,,21-Jun-2019
16.017,,,24-Jun-2019
16.124,,,25-Jun-2019
16.192,,,26-Jun-2019
16.218,,,27-Jun-2019
16.158,,,28-Jun-2019
16.235,,,01-Jul-2019
16.251,,,02-Jul-2019
16.296,,,03-Jul-2019
16.318,,,04-Jul-2019
16.169,,,05-Jul-2019
15.922,,,08-Jul-2019
15.957,,,09-Jul-2019
15.899,,,10-Jul-2019
16.006,,,11-Jul-2019
15.99,,,12-Jul-2019
16.011,,,15-Jul-2019
16.129,,,16-Jul-2019
16.146,,,17-Jul-2019
16.03,,,18-Jul-2019
15.853,,,19-Jul-2019
15.845,,,22-Jul-2019
15.805,,,23-Jul-2019
15.718,,,24-Jul-2019
15.736,,,25-Jul-2019
15.79,,,26-Jul-2019
15.698,,,29-Jul-2019
15.54,,,30-Jul-2019
15.605,,,31-Jul-2019
15.477,,,01-Aug-2019
15.471,,,02-Aug-2019
15.301,,,05-Aug-2019
15.432,,,06-Aug-2019
15.329,,,07-Aug-2019
15.482,,,08-Aug-2019
15.506,,,09-Aug-2019
15.326,,,13-Aug-2019
15.441,,,14-Aug-2019
15.494,,,16-Aug-2019
15.513,,,19-Aug-2019
15.469,,,20-Aug-2019
15.349,,,21-Aug-2019
15.192,,,22-Aug-2019
15.28,,,23-Aug-2019
15.519,,,26-Aug-2019
15.596,,,27-Aug-2019
15.512,,,28-Aug-2019
15.439,,,29-Aug-2019
15.546,,,30-Aug-2019
15.304,,,03-Sep-2019
15.356,,,04-Sep-2019
15.384,,,05-Sep-2019
15.474,,,06-Sep-2019
15.529,,,09-Sep-2019
15.57,,,11-Sep-2019
15.536,,,12-Sep-2019
15.642,,,13-Sep-2019
15.542,,,16-Sep-2019
15.295,,,17-Sep-2019
15.355,,,18-Sep-2019
15.186,,,19-Sep-2019
15.766,,,20-Sep-2019
16.084,,,23-Sep-2019
16.048,,,24-Sep-2019
15.865,,,25-Sep-2019
16.032,,,26-Sep-2019
15.964,,,27-Sep-2019
15.888,,,30-Sep-2019
15.703,,,01-Oct-2019
15.661,,,03-Oct-2019
15.505,,,04-Oct-2019
15.449,,,07-Oct-2019
15.664,,,09-Oct-2019
15.562,,,10-Oct-2019
15.597,,,11-Oct-2019
15.681,,,14-Oct-2019
15.756,,,15-Oct-2019
15.781,,,16-Oct-2019
15.922,,,17-Oct-2019
16.019,,,18-Oct-2019
16.022,,,22-Oct-2019
16.049,,,23-Oct-2019
15.99,,,24-Oct-2019
16.057,,,25-Oct-2019
16.289,,,29-Oct-2019
16.361,,,30-Oct-2019
16.477,,,31-Oct-2019
16.513,,,01-Nov-2019
16.558,,,04-Nov-2019
16.502,,,05-Nov-2019
16.564,,,06-Nov-2019
16.611,,,07-Nov-2019
16.532,,,08-Nov-2019
16.543,,,11-Nov-2019
16.433,,,13-Nov-2019
16.457,,,14-Nov-2019
16.533,,,15-Nov-2019
16.559,,,18-Nov-2019
16.608,,,19-Nov-2019
16.7,,,20-Nov-2019
16.633,,,21-Nov-2019
16.613,,,22-Nov-2019
16.764,,,25-Nov-2019
16.733,,,26-Nov-2019
16.792,,,27-Nov-2019
16.889,,,28-Nov-2019
16.795,,,29-Nov-2019
16.773,,,02-Dec-2019
16.713,,,03-Dec-2019
16.773,,,04-Dec-2019
16.743,,,05-Dec-2019
16.612,,,06-Dec-2019
16.616,,,09-Dec-2019
16.513,,,10-Dec-2019
16.555,,,11-Dec-2019
16.645,,,12-Dec-2019
16.793,,,13-Dec-2019
16.766,,,16-Dec-2019
16.852,,,17-Dec-2019
16.885,,,18-Dec-2019
16.902,,,19-Dec-2019
16.938,,,20-Dec-2019
16.921,,,23-Dec-2019
16.888,,,24-Dec-2019
16.812,,,26-Dec-2019
16.973,,,27-Dec-2019
16.987,,,30-Dec-2019
16.939,,,31-Dec-2019
16.962,,,01-Jan-2020
17.092,,,02-Jan-2020
17.041,,,03-Jan-2020
16.765,,,06-Jan-2020
16.82,,,07-Jan-2020
16.802,,,08-Jan-2020
17.014,,,09-Jan-2020
17.058,,,10-Jan-2020
17.128,,,13-Jan-2020
17.161,,,14-Jan-2020
17.159,,,15-Jan-2020
17.181,,,16-Jan-2020
17.179,,,17-Jan-2020
17.048,,,20-Jan-2020
16.983,,,21-Jan-2020
16.933,,,22-Jan-2020
17.052,,,23-Jan-2020
17.126,,,24-Jan-2020
17.009,,,27-Jan-2020
16.939,,,28-Jan-2020
17.003,,,29-Jan-2020
16.899,,,30-Jan-2020
16.814,,,31-Jan-2020
16.501,,,03-Feb-2020
16.737,,,04-Feb-2020
16.887,,,05-Feb-2020
16.96,,,06-Feb-2020
16.965,,,07-Feb-2020
16.879,,,10-Feb-2020
16.955,,,11-Feb-2020
17.009,,,12-Feb-2020
16.993,,,13-Feb-2020
16.908,,,14-Feb-2020
16.849,,,17-Feb-2020
16.819,,,18-Feb-2020
16.975,,,19-Feb-2020
16.999,,,20-Feb-2020
16.782,,,24-Feb-2020
16.742,,,25-Feb-2020
16.611,,,26-Feb-2020
16.548,,,27-Feb-2020
16.128,,,28-Feb-2020
16.043,,,02-Mar-2020
16.267,,,03-Mar-2020
16.22,,,04-Mar-2020
16.222,,,05-Mar-2020
15.918,,,06-Mar-2020
15.38,,,09-Mar-2020
15.326,,,11-Mar-2020
14.361,,,12-Mar-2020
14.805,,,13-Mar-2020
14.031,,,16-Mar-2020
13.828,,,17-Mar-2020
13.387,,,18-Mar-2020
13.061,,,19-Mar-2020
13.542,,,20-Mar-2020
12.199,,,23-Mar-2020
12.397,,,24-Mar-2020
12.913,,,25-Mar-2020
13.314,,,26-Mar-2020
13.385,,,27-Mar-2020
13.032,,,30-Mar-2020
13.396,,,31-Mar-2020
13.07,,,01-Apr-2020
13.07,,,01-Apr-2020
12.857,,,03-Apr-2020
12.857,,,03-Apr-2020
13.625,,,07-Apr-2020
13.625,,,07-Apr-2020
13.629,,,08-Apr-2020
13.629,,,08-Apr-2020
13.977,,,09-Apr-2020
13.977,,,09-Apr-2020
13.883,,,13-Apr-2020
13.883,,,13-Apr-2020
13.882,,,15-Apr-2020
13.882,,,15-Apr-2020
14.051,,,16-Apr-2020
14.051,,,16-Apr-2020
14.382,,,17-Apr-2020
14.382,,,17-Apr-2020
14.43,,,20-Apr-2020
14.43,,,20-Apr-2020
14.114,,,21-Apr-2020
14.114,,,21-Apr-2020
14.324,,,22-Apr-2020
14.324,,,22-Apr-2020
14.449,,,23-Apr-2020
14.449,,,23-Apr-2020
14.268,,,24-Apr-2020
14.268,,,24-Apr-2020
14.418,,,27-Apr-2020
14.418,,,27-Apr-2020
14.507,,,28-Apr-2020
14.507,,,28-Apr-2020
14.661,,,29-Apr-2020
14.661,,,29-Apr-2020
14.905,,,30-Apr-2020
14.905,,,30-Apr-2020
14.332,,,04-May-2020
14.332,,,04-May-2020
14.232,,,05-May-2020
14.232,,,05-May-2020
14.298,,,06-May-2020
14.298,,,06-May-2020
14.246,,,07-May-2020
14.246,,,07-May-2020
14.272,,,08-May-2020
14.272,,,08-May-2020
14.241,,,11-May-2020
14.241,,,11-May-2020
14.197,,,12-May-2020
14.197,,,12-May-2020
14.43,,,13-May-2020
14.43,,,13-May-2020
14.199,,,14-May-2020
14.199,,,14-May-2020
14.165,,,15-May-2020
14.165,,,15-May-2020
13.803,,,18-May-2020
13.803,,,18-May-2020
13.803,,,19-May-2020
13.803,,,19-May-2020
14.017,,,20-May-2020
14.017,,,20-May-2020
14.063,,,21-May-2020
14.063,,,21-May-2020
13.972,,,22-May-2020
13.972,,,22-May-2020
14.019,,,26-May-2020
14.019,,,26-May-2020
14.313,,,27-May-2020
14.313,,,27-May-2020
14.509,,,28-May-2020
14.509,,,28-May-2020
14.615,,,29-May-2020
14.615,,,29-May-2020
14.886,,,01-Jun-2020
14.886,,,01-Jun-2020
15.004,,,02-Jun-2020
15.004,,,02-Jun-2020
15.092,,,03-Jun-2020
15.092,,,03-Jun-2020
15.088,,,04-Jun-2020
15.088,,,04-Jun-2020
15.273,,,05-Jun-2020
15.273,,,05-Jun-2020
15.334,,,08-Jun-2020
15.334,,,08-Jun-2020
15.196,,,09-Jun-2020
15.196,,,09-Jun-2020
15.287,,,10-Jun-2020
15.287,,,10-Jun-2020
15.056,,,11-Jun-2020
15.056,,,11-Jun-2020
15.129,,,12-Jun-2020
15.129,,,12-Jun-2020
14.954,,,15-Jun-2020
14.954,,,15-Jun-2020
15.02,,,16-Jun-2020
15.02,,,16-Jun-2020
15.034,,,17-Jun-2020
15.034,,,17-Jun-2020
15.248,,,18-Jun-2020
15.248,,,18-Jun-2020
15.417,,,19-Jun-2020
15.417,,,19-Jun-2020
15.522,,,22-Jun-2020
15.522,,,22-Jun-2020
15.69,,,23-Jun-2020
15.69,,,23-Jun-2020
15.488,,,24-Jun-2020
15.488,,,24-Jun-2020
15.503,,,25-Jun-2020
15.503,,,25-Jun-2020
15.607,,,26-Jun-2020
15.507,,,29-Jun-2020
15.5,,,30-Jun-2020
15.645,,,01-Jul-2020
15.754,,,02-Jul-2020
15.845,,,03-Jul-2020
16.039,,,06-Jul-2020
16.077,,,07-Jul-2020
16.019,,,08-Jul-2020
16.099,,,09-Jul-2020
16.076,,,10-Jul-2020
16.096,,,13-Jul-2020
15.911,,,14-Jul-2020
15.888,,,15-Jul-2020
16.007,,,16-Jul-2020
16.204,,,17-Jul-2020
16.291,,,20-Jul-2020
16.446,,,21-Jul-2020
16.43,,,22-Jul-2020
16.53,,,23-Jul-2020
16.471,,,24-Jul-2020
16.365,,,27-Jul-2020
16.473,,,28-Jul-2020
16.432,,,29-Jul-2020
16.346,,,30-Jul-2020
16.364,,,31-Jul-2020
16.203,,,03-Aug-2020
16.413,,,04-Aug-2020
16.416,,,05-Aug-2020
16.533,,,06-Aug-2020
16.554,,,07-Aug-2020
16.661,,,10-Aug-2020
16.734,,,11-Aug-2020
16.733,,,12-Aug-2020
16.759,,,13-Aug-2020
16.606,,,14-Aug-2020
16.651,,,17-Aug-2020
16.808,,,18-Aug-2020
16.86,,,19-Aug-2020
16.811,,,20-Aug-2020
16.865,,,21-Aug-2020
16.939,,,24-Aug-2020
16.973,,,25-Aug-2020
17.023,,,26-Aug-2020
17.044,,,27-Aug-2020
17.153,,,28-Aug-2020
16.824,,,31-Aug-2020
16.943,,,01-Sep-2020
17.023,,,02-Sep-2020
17.021,,,03-Sep-2020
16.774,,,04-Sep-2020
16.772,,,07-Sep-2020
16.708,,,08-Sep-2020
16.662,,,09-Sep-2020
16.853,,,10-Sep-2020
16.894,,,11-Sep-2020
16.92,,,14-Sep-2020
17.018,,,15-Sep-2020
17.083,,,16-Sep-2020
17,,,17-Sep-2020
16.979,,,18-Sep-2020
16.642,,,21-Sep-2020
16.539,,,22-Sep-2020
16.511,,,23-Sep-2020
16.147,,,24-Sep-2020
16.441,,,25-Sep-2020
16.682,,,28-Sep-2020
16.668,,,29-Sep-2020
16.663,,,30-Sep-2020
16.828,,,01-Oct-2020
16.914,,,05-Oct-2020
17.02,,,06-Oct-2020
17.086,,,07-Oct-2020
17.169,,,08-Oct-2020
17.276,,,09-Oct-2020
17.271,,,12-Oct-2020
17.232,,,13-Oct-2020
17.27,,,14-Oct-2020
16.965,,,15-Oct-2020
17.093,,,16-Oct-2020
17.235,,,19-Oct-2020
17.261,,,20-Oct-2020
17.31,,,21-Oct-2020
17.31,,,22-Oct-2020
17.389,,,23-Oct-2020
17.186,,,26-Oct-2020
17.277,,,27-Oct-2020
17.127,,,28-Oct-2020
17.056,,,29-Oct-2020
17.042,,,30-Oct-2020
17.101,,,02-Nov-2020
17.257,,,03-Nov-2020
17.368,,,04-Nov-2020
17.624,,,05-Nov-2020
17.747,,,06-Nov-2020
17.985,,,09-Nov-2020
18.122,,,10-Nov-2020
18.246,,,11-Nov-2020
18.204,,,12-Nov-2020
18.26,,,13-Nov-2020
18.445,,,17-Nov-2020
18.473,,,18-Nov-2020
18.294,,,19-Nov-2020
18.349,,,20-Nov-2020
18.413,,,23-Nov-2020
18.591,,,24-Nov-2020
18.383,,,25-Nov-2020
18.514,,,26-Nov-2020
18.503,,,27-Nov-2020
18.669,,,01-Dec-2020
18.696,,,02-Dec-2020
18.722,,,03-Dec-2020
18.849,,,04-Dec-2020
18.975,,,07-Dec-2020
19.015,,,08-Dec-2020
19.152,,,09-Dec-2020
19.102,,,10-Dec-2020
19.118,,,11-Dec-2020
19.202,,,14-Dec-2020
19.165,,,15-Dec-2020
19.269,,,16-Dec-2020
19.302,,,17-Dec-2020
19.328,,,18-Dec-2020
18.818,,,21-Dec-2020
18.968,,,22-Dec-2020
19.139,,,23-Dec-2020
19.307,,,24-Dec-2020
19.46,,,28-Dec-2020
19.513,,,29-Dec-2020
19.536,,,30-Dec-2020
19.539,,,31-Dec-2020
19.605,,,01-Jan-2021
19.771,,,04-Jan-2021
19.865,,,05-Jan-2021
19.813,,,06-Jan-2021
19.84,,,07-Jan-2021
20.062,,,08-Jan-2021
20.151,,,11-Jan-2021
20.273,,,12-Jan-2021
20.308,,,13-Jan-2021
20.354,,,14-Jan-2021
20.191,,,15-Jan-2021
20.001,,,18-Jan-2021
20.259,,,19-Jan-2021
20.379,,,20-Jan-2021
20.345,,,21-Jan-2021
20.088,,,22-Jan-2021
19.983,,,25-Jan-2021
19.677,,,27-Jan-2021
19.599,,,28-Jan-2021
19.412,,,29-Jan-2021
20.049,,,01-Feb-2021
20.425,,,02-Feb-2021
20.631,,,03-Feb-2021
20.779,,,04-Feb-2021
20.777,,,05-Feb-2021
20.987,,,08-Feb-2021
20.991,,,09-Feb-2021
20.989,,,10-Feb-2021
21.079,,,11-Feb-2021
21.058,,,12-Feb-2021
21.226,,,15-Feb-2021
21.197,,,16-Feb-2021
21.125,,,17-Feb-2021
21.072,,,18-Feb-2021
20.864,,,19-Feb-2021
20.533,,,22-Feb-2021
20.633,,,23-Feb-2021
20.913,,,24-Feb-2021
21.075,,,25-Feb-2021
20.559,,,26-Feb-2021
20.775,,,01-Mar-2021
20.955,,,02-Mar-2021
21.3,,,03-Mar-2021
21.161,,,04-Mar-2021
20.975,,,05-Mar-2021
21.04,,,08-Mar-2021
21.117,,,09-Mar-2021
21.212,,,10-Mar-2021
21.066,,,12-Mar-2021
20.97,,,15-Mar-2021
20.938,,,16-Mar-2021
20.705,,,17-Mar-2021
20.489,,,18-Mar-2021
20.639,,,19-Mar-2021
20.619,,,22-Mar-2021
20.745,,,23-Mar-2021
20.463,,,24-Mar-2021
20.253,,,25-Mar-2021
20.453,,,26-Mar-2021
20.772,,,30-Mar-2021
20.687,,,31-Mar-2021
20.853,,,01-Apr-2021
20.596,,,05-Apr-2021
20.649,,,06-Apr-2021
20.856,,,07-Apr-2021
20.887,,,08-Apr-2021
20.838,,,09-Apr-2021
20.251,,,12-Apr-2021
20.436,,,13-Apr-2021
20.518,,,15-Apr-2021
20.54,,,16-Apr-2021
20.299,,,19-Apr-2021
20.268,,,20-Apr-2021
20.372,,,22-Apr-2021
20.343,,,23-Apr-2021
20.524,,,26-Apr-2021
20.773,,,27-Apr-2021
20.969,,,28-Apr-2021
20.981,,,29-Apr-2021
20.792,,,30-Apr-2021
20.813,,,03-May-2021
20.704,,,04-May-2021
20.886,,,05-May-2021
21.012,,,06-May-2021
21.071,,,07-May-2021
21.164,,,10-May-2021
21.151,,,11-May-2021
20.98,,,12-May-2021
20.905,,,14-May-2021
21.189,,,17-May-2021
21.4,,,18-May-2021
21.346,,,19-May-2021
21.244,,,20-May-2021
21.518,,,21-May-2021
21.6,,,24-May-2021
21.604,,,25-May-2021
21.697,,,26-May-2021
21.746,,,27-May-2021
21.796,,,28-May-2021
21.956,,,31-May-2021
21.933,,,01-Jun-2021
22,,,02-Jun-2021
22.157,,,03-Jun-2021
22.127,,,04-Jun-2021
22.249,,,07-Jun-2021
22.293,,,08-Jun-2021
22.173,,,09-Jun-2021
22.323,,,10-Jun-2021
22.359,,,11-Jun-2021
22.364,,,14-Jun-2021
22.463,,,15-Jun-2021
22.358,,,16-Jun-2021
22.271,,,17-Jun-2021
22.25,,,18-Jun-2021
22.268,,,21-Jun-2021
22.314,,,22-Jun-2021
22.248,,,23-Jun-2021
22.388,,,24-Jun-2021
22.503,,,25-Jun-2021
22.528,,,28-Jun-2021
22.444,,,29-Jun-2021
22.454,,,30-Jun-2021
22.467,,,01-Jul-2021
22.517,,,02-Jul-2021
22.66,,,05-Jul-2021
22.612,,,06-Jul-2021
22.684,,,07-Jul-2021
22.56,,,08-Jul-2021
22.551,,,09-Jul-2021
22.594,,,12-Jul-2021
22.712,,,13-Jul-2021
22.77,,,14-Jul-2021
22.837,,,15-Jul-2021
22.885,,,16-Jul-2021
22.733,,,19-Jul-2021
22.611,,,20-Jul-2021
22.806,,,22-Jul-2021
22.868,,,23-Jul-2021
22.876,,,26-Jul-2021
22.811,,,27-Jul-2021
22.792,,,28-Jul-2021
22.975,,,29-Jul-2021
23.019,,,30-Jul-2021
23.198,,,02-Aug-2021
23.396,,,03-Aug-2021
23.454,,,04-Aug-2021
23.403,,,05-Aug-2021
23.346,,,06-Aug-2021
23.299,,,09-Aug-2021
23.211,,,10-Aug-2021
23.242,,,11-Aug-2021
23.38,,,12-Aug-2021
23.514,,,13-Aug-2021
23.53,,,16-Aug-2021
23.606,,,17-Aug-2021
23.58,,,18-Aug-2021
23.357,,,20-Aug-2021
23.311,,,23-Aug-2021
23.424,,,24-Aug-2021
23.446,,,25-Aug-2021
23.459,,,26-Aug-2021
23.566,,,27-Aug-2021
23.834,,,30-Aug-2021
24.005,,,31-Aug-2021
24.007,,,01-Sep-2021
24.17,,,02-Sep-2021
24.265,,,03-Sep-2021
24.29,,,06-Sep-2021
24.231,,,07-Sep-2021
24.245,,,08-Sep-2021
24.267,,,09-Sep-2021
24.252,,,13-Sep-2021
24.339,,,14-Sep-2021
24.511,,,15-Sep-2021
24.62,,,16-Sep-2021
24.505,,,17-Sep-2021
24.209,,,20-Sep-2021
24.296,,,21-Sep-2021
24.319,,,22-Sep-2021
24.61,,,23-Sep-2021
24.561,,,24-Sep-2021
24.614,,,27-Sep-2021
24.492,,,28-Sep-2021
24.469,,,29-Sep-2021
24.39,,,30-Sep-2021
24.325,,,01-Oct-2021
24.527,,,04-Oct-2021
24.631,,,05-Oct-2021
24.482,,,06-Oct-2021
24.681,,,07-Oct-2021
24.759,,,08-Oct-2021
24.805,,,11-Oct-2021
24.838,,,12-Oct-2021
24.975,,,13-Oct-2021
25.152,,,14-Oct-2021
25.34,,,18-Oct-2021
25.205,,,19-Oct-2021
25.006,,,20-Oct-2021
24.934,,,21-Oct-2021
24.845,,,22-Oct-2021
24.885,,,25-Oct-2021
25.087,,,26-Oct-2021
25.047,,,27-Oct-2021
24.723,,,28-Oct-2021
24.622,,,29-Oct-2021
24.941,,,01-Nov-2021
25.022,,,02-Nov-2021
24.947,,,03-Nov-2021
25.238,,,08-Nov-2021
25.246,,,09-Nov-2021
25.257,,,10-Nov-2021
25.097,,,11-Nov-2021
25.267,,,12-Nov-2021
25.284,,,15-Nov-2021
25.205,,,16-Nov-2021
25.152,,,17-Nov-2021
24.911,,,18-Nov-2021
24.49,,,22-Nov-2021
24.647,,,23-Nov-2021
24.618,,,24-Nov-2021
24.736,,,25-Nov-2021
24.183,,,26-Nov-2021
24.077,,,29-Nov-2021
24.125,,,30-Nov-2021
24.278,,,01-Dec-2021
24.47,,,02-Dec-2021
24.376,,,03-Dec-2021
24.086,,,06-Dec-2021
24.347,,,07-Dec-2021
24.636,,,08-Dec-2021
24.655,,,09-Dec-2021
24.657,,,10-Dec-2021
24.577,,,13-Dec-2021
24.556,,,14-Dec-2021
24.48,,,15-Dec-2021
24.434,,,16-Dec-2021
24.153,,,17-Dec-2021
23.673,,,20-Dec-2021
23.864,,,21-Dec-2021
24.078,,,22-Dec-2021
24.207,,,23-Dec-2021
24.128,,,24-Dec-2021
24.203,,,27-Dec-2021
24.378,,,28-Dec-2021
24.391,,,29-Dec-2021
24.38,,,30-Dec-2021
24.533,,,31-Dec-2021
24.845,,,03-Jan-2022
24.971,,,04-Jan-2022
25.048,,,05-Jan-2022
24.922,,,06-Jan-2022
24.98,,,07-Jan-2022
25.149,,,10-Jan-2022
25.157,,,11-Jan-2022
25.302,,,12-Jan-2022
25.345,,,13-Jan-2022
25.396,,,14-Jan-2022
25.447,,,17-Jan-2022
25.226,,,18-Jan-2022
25.088,,,19-Jan-2022
24.971,,,20-Jan-2022
24.761,,,21-Jan-2022
24.264,,,24-Jan-2022
24.442,,,25-Jan-2022
24.257,,,27-Jan-2022
24.269,,,28-Jan-2022
24.513,,,31-Jan-2022
24.686,,,01-Feb-2022
24.889,,,02-Feb-2022
24.73,,,03-Feb-2022
24.663,,,04-Feb-2022
24.385,,,07-Feb-2022
24.375,,,08-Feb-2022
24.581,,,09-Feb-2022
24.695,,,10-Feb-2022
24.444,,,11-Feb-2022
23.857,,,14-Feb-2022
24.304,,,15-Feb-2022
24.268,,,16-Feb-2022
24.199,,,17-Feb-2022
24.172,,,18-Feb-2022
24.052,,,21-Feb-2022
23.891,,,22-Feb-2022
23.874,,,23-Feb-2022
23.001,,,24-Feb-2022
23.463,,,25-Feb-2022
23.646,,,28-Feb-2022
23.507,,,02-Mar-2022
23.379,,,03-Mar-2022
23.148,,,04-Mar-2022
22.663,,,07-Mar-2022
22.832,,,08-Mar-2022
23.144,,,09-Mar-2022
23.426,,,10-Mar-2022
23.491,,,11-Mar-2022
23.715,,,14-Mar-2022
23.528,,,15-Mar-2022
23.845,,,16-Mar-2022
24.087,,,17-Mar-2022
23.959,,,21-Mar-2022
24.117,,,22-Mar-2022
24.063,,,23-Mar-2022
24.022,,,24-Mar-2022
23.936,,,25-Mar-2022
23.943,,,28-Mar-2022
24.086,,,29-Mar-2022
24.34,,,30-Mar-2022
24.324,,,31-Mar-2022
24.499,,,01-Apr-2022
24.846,,,04-Apr-2022
24.838,,,05-Apr-2022
24.753,,,06-Apr-2022
24.639,,,07-Apr-2022
24.779,,,08-Apr-2022
