Historical NAV for a period From 01-Jan-2016 to 31-Dec-2019,,,
Edelweiss Mutual Fund,,,
Edelweiss Mid Cap Fund,,,
Edelweiss Mid Cap Fund - Direct Plan - Growth Option,,,
Net Asset Value,Repurchase Price,Sale Price,NAV date
21.06,20.849,21.06,28-Nov-2016
21.174,20.962,21.174,29-Nov-2016
21.524,21.309,21.524,30-Nov-2016
21.311,21.098,21.311,01-Dec-2016
20.997,20.787,20.997,02-Dec-2016
21.052,20.841,21.052,05-Dec-2016
21.122,20.911,21.122,06-Dec-2016
21.029,20.819,21.029,07-Dec-2016
21.296,21.083,21.296,08-Dec-2016
21.352,21.138,21.352,09-Dec-2016
21.179,20.967,21.179,12-Dec-2016
21.132,20.921,21.132,13-Dec-2016
20.968,20.758,20.968,14-Dec-2016
21.036,20.826,21.036,15-Dec-2016
21.013,20.803,21.013,16-Dec-2016
20.928,20.719,20.928,19-Dec-2016
20.683,20.476,20.683,20-Dec-2016
20.648,20.442,20.648,21-Dec-2016
20.383,20.179,20.383,22-Dec-2016
20.405,20.201,20.405,23-Dec-2016
20.049,19.849,20.049,26-Dec-2016
20.222,20.02,20.222,27-Dec-2016
20.377,20.173,20.377,28-Dec-2016
20.623,20.417,20.623,29-Dec-2016
20.751,20.543,20.751,30-Dec-2016
20.96,20.75,20.96,02-Jan-2017
21.166,20.954,21.166,03-Jan-2017
21.218,21.006,21.218,04-Jan-2017
21.359,21.145,21.359,05-Jan-2017
21.336,21.123,21.336,06-Jan-2017
21.339,21.126,21.339,09-Jan-2017
21.42,21.206,21.42,10-Jan-2017
21.66,21.443,21.66,11-Jan-2017
21.609,21.393,21.609,12-Jan-2017
21.619,21.403,21.619,13-Jan-2017
21.633,21.417,21.633,16-Jan-2017
21.677,21.46,21.677,17-Jan-2017
21.742,21.525,21.742,18-Jan-2017
21.807,21.589,21.807,19-Jan-2017
21.592,21.376,21.592,20-Jan-2017
21.706,21.489,21.706,23-Jan-2017
21.876,21.657,21.876,24-Jan-2017
22.108,21.887,22.108,25-Jan-2017
22.32,22.097,22.32,27-Jan-2017
22.201,21.979,22.201,30-Jan-2017
22.072,21.851,22.072,31-Jan-2017
22.443,22.219,22.443,01-Feb-2017
22.558,22.332,22.558,02-Feb-2017
22.687,22.46,22.687,03-Feb-2017
22.839,22.611,22.839,06-Feb-2017
22.688,22.461,22.688,07-Feb-2017
22.723,22.496,22.723,08-Feb-2017
22.74,22.513,22.74,09-Feb-2017
22.824,22.596,22.824,10-Feb-2017
22.747,22.52,22.747,13-Feb-2017
22.638,22.412,22.638,14-Feb-2017
22.373,22.149,22.373,15-Feb-2017
22.661,22.434,22.661,16-Feb-2017
22.681,22.454,22.681,17-Feb-2017
22.831,22.603,22.831,20-Feb-2017
22.844,22.616,22.844,21-Feb-2017
22.703,22.476,22.703,22-Feb-2017
22.73,22.503,22.73,23-Feb-2017
22.775,22.547,22.775,27-Feb-2017
22.92,22.691,22.92,28-Feb-2017
22.905,22.676,22.905,01-Mar-2017
22.656,22.429,22.656,02-Mar-2017
22.678,22.451,22.678,03-Mar-2017
22.765,22.537,22.765,06-Mar-2017
22.718,22.491,22.718,07-Mar-2017
22.627,22.401,22.627,08-Mar-2017
22.64,22.414,22.64,09-Mar-2017
22.599,22.373,22.599,10-Mar-2017
22.941,22.712,22.941,14-Mar-2017
23.118,22.887,23.118,15-Mar-2017
23.314,23.081,23.314,16-Mar-2017
23.361,23.127,23.361,17-Mar-2017
23.383,23.149,23.383,20-Mar-2017
23.402,23.168,23.402,21-Mar-2017
23.152,22.92,23.152,22-Mar-2017
23.336,23.103,23.336,23-Mar-2017
23.404,23.17,23.404,24-Mar-2017
23.453,23.218,23.453,27-Mar-2017
23.535,23.3,23.535,28-Mar-2017
23.669,23.432,23.669,29-Mar-2017
23.863,23.624,23.863,30-Mar-2017
24.036,23.796,24.036,31-Mar-2017
24.175,23.933,24.175,03-Apr-2017
24.34,24.097,24.34,05-Apr-2017
24.336,24.093,24.336,06-Apr-2017
24.223,23.981,24.223,07-Apr-2017
24.411,24.167,24.411,10-Apr-2017
24.841,24.593,24.841,11-Apr-2017
24.736,24.489,24.736,12-Apr-2017
24.675,24.428,24.675,13-Apr-2017
24.702,24.455,24.702,17-Apr-2017
24.565,24.319,24.565,18-Apr-2017
24.69,24.443,24.69,19-Apr-2017
24.879,24.63,24.879,20-Apr-2017
24.877,24.628,24.877,21-Apr-2017
25.151,24.899,25.151,24-Apr-2017
25.329,25.076,25.329,25-Apr-2017
25.365,25.111,25.365,26-Apr-2017
25.356,25.102,25.356,27-Apr-2017
25.506,25.251,25.506,28-Apr-2017
25.588,25.332,25.588,02-May-2017
25.6,25.344,25.6,03-May-2017
25.792,25.534,25.792,04-May-2017
25.709,25.452,25.709,05-May-2017
25.867,25.608,25.867,08-May-2017
25.956,25.696,25.956,09-May-2017
26.116,25.855,26.116,10-May-2017
26.121,25.86,26.121,11-May-2017
25.877,25.618,25.877,12-May-2017
26.15,25.889,26.15,15-May-2017
26.312,26.049,26.312,16-May-2017
26.289,26.026,26.289,17-May-2017
25.822,25.564,25.822,18-May-2017
25.531,25.276,25.531,19-May-2017
25.162,24.91,25.162,22-May-2017
24.833,24.585,24.833,23-May-2017
24.55,24.305,24.55,24-May-2017
24.915,24.666,24.915,25-May-2017
25.26,25.007,25.26,26-May-2017
25.082,24.831,25.082,29-May-2017
25.176,24.924,25.176,30-May-2017
25.408,25.154,25.408,31-May-2017
25.637,25.381,25.637,01-Jun-2017
25.779,25.521,25.779,02-Jun-2017
25.857,25.598,25.857,05-Jun-2017
25.838,25.58,25.838,06-Jun-2017
26.003,25.743,26.003,07-Jun-2017
26.122,25.861,26.122,08-Jun-2017
26.24,25.978,26.24,09-Jun-2017
26.126,25.865,26.126,12-Jun-2017
26.119,25.858,26.119,13-Jun-2017
26.169,25.907,26.169,14-Jun-2017
26.198,25.936,26.198,15-Jun-2017
26.222,25.96,26.222,16-Jun-2017
26.194,25.932,26.194,19-Jun-2017
26.26,25.997,26.26,20-Jun-2017
26.239,25.977,26.239,21-Jun-2017
26.03,25.77,26.03,22-Jun-2017
25.749,25.492,25.749,23-Jun-2017
25.384,25.13,25.384,27-Jun-2017
25.381,25.127,25.381,28-Jun-2017
25.53,25.275,25.53,29-Jun-2017
25.671,25.414,25.671,30-Jun-2017
25.913,25.654,25.913,03-Jul-2017
25.907,25.648,25.907,04-Jul-2017
26.168,25.906,26.168,05-Jul-2017
26.272,26.009,26.272,06-Jul-2017
26.275,26.012,26.275,07-Jul-2017
26.351,26.087,26.351,10-Jul-2017
26.271,26.008,26.271,11-Jul-2017
26.415,26.151,26.415,12-Jul-2017
26.517,26.252,26.517,13-Jul-2017
26.398,26.134,26.398,14-Jul-2017
26.388,26.124,26.388,17-Jul-2017
26.163,25.901,26.163,18-Jul-2017
26.346,26.083,26.346,19-Jul-2017
26.489,26.224,26.489,20-Jul-2017
26.472,26.207,26.472,21-Jul-2017
26.474,26.209,26.474,24-Jul-2017
26.499,26.234,26.499,25-Jul-2017
26.531,26.266,26.531,26-Jul-2017
26.479,26.214,26.479,27-Jul-2017
26.553,26.287,26.553,28-Jul-2017
26.632,26.366,26.632,31-Jul-2017
26.642,26.376,26.642,01-Aug-2017
26.695,26.428,26.695,02-Aug-2017
26.471,26.206,26.471,03-Aug-2017
26.385,26.121,26.385,04-Aug-2017
26.689,26.422,26.689,07-Aug-2017
26.434,26.17,26.434,08-Aug-2017
26.048,25.788,26.048,09-Aug-2017
25.348,25.095,25.348,10-Aug-2017
25.362,25.108,25.362,11-Aug-2017
25.859,25.6,25.859,14-Aug-2017
26.122,25.861,26.122,16-Aug-2017
26.205,25.943,26.205,17-Aug-2017
26.062,25.801,26.062,18-Aug-2017
25.879,25.62,25.879,21-Aug-2017
25.793,25.535,25.793,22-Aug-2017
26.004,25.744,26.004,23-Aug-2017
26.145,25.884,26.145,24-Aug-2017
26.44,26.176,26.44,28-Aug-2017
26.225,25.963,26.225,29-Aug-2017
26.566,26.3,26.566,30-Aug-2017
26.816,26.548,26.816,31-Aug-2017
27.013,26.743,27.013,01-Sep-2017
26.82,26.552,26.82,04-Sep-2017
27.056,26.785,27.056,05-Sep-2017
27.096,26.825,27.096,06-Sep-2017
27.192,26.92,27.192,07-Sep-2017
27.09,26.819,27.09,08-Sep-2017
27.303,27.03,27.303,11-Sep-2017
27.56,27.284,27.56,12-Sep-2017
27.302,27.029,27.302,13-Sep-2017
27.495,27.22,27.495,14-Sep-2017
27.465,27.19,27.465,15-Sep-2017
27.762,27.484,27.762,18-Sep-2017
27.879,27.6,27.879,19-Sep-2017
27.819,27.541,27.819,20-Sep-2017
27.705,27.428,27.705,21-Sep-2017
26.981,26.711,26.981,22-Sep-2017
26.563,26.297,26.563,25-Sep-2017
26.695,26.428,26.695,26-Sep-2017
26.288,26.025,26.288,27-Sep-2017
26.456,26.191,26.456,28-Sep-2017
26.759,26.491,26.759,29-Sep-2017
26.91,26.641,26.91,03-Oct-2017
27.032,26.762,27.032,04-Oct-2017
27.199,26.927,27.199,05-Oct-2017
27.423,27.149,27.423,06-Oct-2017
27.565,27.289,27.565,09-Oct-2017
27.749,27.472,27.749,10-Oct-2017
27.588,27.312,27.588,11-Oct-2017
27.915,27.636,27.915,12-Oct-2017
27.928,27.649,27.928,13-Oct-2017
27.946,27.667,27.946,16-Oct-2017
28.093,27.812,28.093,17-Oct-2017
28.085,27.804,28.085,18-Oct-2017
28.16,27.878,28.16,23-Oct-2017
28.176,27.894,28.176,24-Oct-2017
28.057,27.776,28.057,25-Oct-2017
28.232,27.95,28.232,26-Oct-2017
28.273,27.99,28.273,27-Oct-2017
28.537,28.252,28.537,30-Oct-2017
28.618,28.332,28.618,31-Oct-2017
28.757,28.469,28.757,01-Nov-2017
28.85,28.562,28.85,02-Nov-2017
28.828,28.54,28.828,03-Nov-2017
28.905,28.616,28.905,06-Nov-2017
28.703,28.416,28.703,07-Nov-2017
28.63,28.344,28.63,08-Nov-2017
29.032,28.742,29.032,09-Nov-2017
28.94,28.651,28.94,10-Nov-2017
28.854,28.565,28.854,13-Nov-2017
28.902,28.613,28.902,14-Nov-2017
28.516,28.231,28.516,15-Nov-2017
28.863,28.574,28.863,16-Nov-2017
29.059,28.768,29.059,17-Nov-2017
29.27,28.977,29.27,20-Nov-2017
29.366,29.072,29.366,21-Nov-2017
29.498,29.203,29.498,22-Nov-2017
29.601,29.305,29.601,23-Nov-2017
29.817,29.519,29.817,24-Nov-2017
29.986,29.686,29.986,27-Nov-2017
30.006,29.706,30.006,28-Nov-2017
29.984,29.684,29.984,29-Nov-2017
30.058,29.757,30.058,30-Nov-2017
29.868,29.569,29.868,01-Dec-2017
29.742,29.445,29.742,04-Dec-2017
29.759,29.461,29.759,05-Dec-2017
29.642,29.346,29.642,06-Dec-2017
30.008,29.708,30.008,07-Dec-2017
30.275,29.972,30.275,08-Dec-2017
30.375,30.071,30.375,11-Dec-2017
30.189,29.887,30.189,12-Dec-2017
30.096,29.795,30.096,13-Dec-2017
29.973,29.673,29.973,14-Dec-2017
30.327,30.024,30.327,15-Dec-2017
30.402,30.098,30.402,18-Dec-2017
30.79,30.482,30.79,19-Dec-2017
31.095,30.784,31.095,20-Dec-2017
31.4,31.086,31.4,21-Dec-2017
31.476,31.161,31.476,22-Dec-2017
31.701,31.384,31.701,26-Dec-2017
31.494,31.179,31.494,27-Dec-2017
31.593,31.277,31.593,28-Dec-2017
31.772,31.454,31.772,29-Dec-2017
31.782,31.464,31.782,01-Jan-2018
31.671,31.354,31.671,02-Jan-2018
31.875,31.556,31.875,03-Jan-2018
32.275,31.952,32.275,04-Jan-2018
32.581,32.255,32.581,05-Jan-2018
32.76,32.432,32.76,08-Jan-2018
32.734,32.407,32.734,09-Jan-2018
32.748,32.421,32.748,10-Jan-2018
32.893,32.564,32.893,11-Jan-2018
32.869,32.54,32.869,12-Jan-2018
32.975,32.645,32.975,15-Jan-2018
32.466,32.141,32.466,16-Jan-2018
32.708,32.381,32.708,17-Jan-2018
32.295,31.972,32.295,18-Jan-2018
32.515,32.19,32.515,19-Jan-2018
32.68,32.353,32.68,22-Jan-2018
32.974,32.644,32.974,23-Jan-2018
32.845,32.517,32.845,24-Jan-2018
32.632,32.306,32.632,25-Jan-2018
32.229,31.907,32.229,29-Jan-2018
31.882,31.563,31.882,30-Jan-2018
31.639,31.323,31.639,31-Jan-2018
31.996,31.676,31.996,01-Feb-2018
30.626,30.32,30.626,02-Feb-2018
30.347,30.044,30.347,05-Feb-2018
29.881,29.582,29.881,06-Feb-2018
30.328,30.025,30.328,07-Feb-2018
30.753,30.445,30.753,08-Feb-2018
30.736,30.429,30.736,09-Feb-2018
31.163,30.851,31.163,12-Feb-2018
31.13,30.819,31.13,14-Feb-2018
30.854,30.545,30.854,15-Feb-2018
30.513,30.208,30.513,16-Feb-2018
30.25,29.948,30.25,19-Feb-2018
30.123,29.822,30.123,20-Feb-2018
30.168,29.866,30.168,21-Feb-2018
30.014,29.714,30.014,22-Feb-2018
30.318,30.015,30.318,23-Feb-2018
30.616,30.31,30.616,26-Feb-2018
30.537,30.232,30.537,27-Feb-2018
30.618,30.312,30.618,28-Feb-2018
30.549,30.244,30.549,01-Mar-2018
30.309,30.006,30.309,05-Mar-2018
30.001,29.701,30.001,06-Mar-2018
29.604,29.308,29.604,07-Mar-2018
29.686,29.389,29.686,08-Mar-2018
29.674,29.377,29.674,09-Mar-2018
29.819,29.521,29.819,12-Mar-2018
30.018,29.718,30.018,13-Mar-2018
29.983,29.683,29.983,14-Mar-2018
30.177,29.875,30.177,15-Mar-2018
29.882,29.583,29.882,16-Mar-2018
29.443,29.149,29.443,19-Mar-2018
29.429,29.135,29.429,20-Mar-2018
29.548,29.253,29.548,21-Mar-2018
29.42,29.126,29.42,22-Mar-2018
29.167,28.875,29.167,23-Mar-2018
29.473,29.178,29.473,26-Mar-2018
29.919,29.62,29.919,27-Mar-2018
29.835,29.537,29.835,28-Mar-2018
30.366,30.062,30.366,02-Apr-2018
30.642,30.336,30.642,03-Apr-2018
30.349,30.046,30.349,04-Apr-2018
30.895,30.586,30.895,05-Apr-2018
31.027,30.717,31.027,06-Apr-2018
31.114,30.803,31.114,09-Apr-2018
31.117,30.806,31.117,10-Apr-2018
31.188,30.876,31.188,11-Apr-2018
31.164,30.852,31.164,12-Apr-2018
31.278,30.965,31.278,13-Apr-2018
31.442,31.128,31.442,16-Apr-2018
31.65,31.334,31.65,17-Apr-2018
31.59,31.274,31.59,18-Apr-2018
31.666,31.349,31.666,19-Apr-2018
31.565,31.249,31.565,20-Apr-2018
31.803,31.485,31.803,23-Apr-2018
31.891,31.572,31.891,24-Apr-2018
31.694,31.377,31.694,25-Apr-2018
31.784,31.466,31.784,26-Apr-2018
31.968,31.648,31.968,27-Apr-2018
32.236,31.914,32.236,30-Apr-2018
31.88,31.561,31.88,02-May-2018
31.61,31.294,31.61,03-May-2018
31.61,31.294,31.61,04-May-2018
31.756,31.438,31.756,07-May-2018
31.727,31.41,31.727,08-May-2018
31.493,31.178,31.493,09-May-2018
31.102,30.791,31.102,10-May-2018
31.217,30.905,31.217,11-May-2018
30.979,30.669,30.979,14-May-2018
30.812,30.504,30.812,15-May-2018
30.694,30.387,30.694,16-May-2018
30.792,30.484,30.792,17-May-2018
30.379,30.075,30.379,18-May-2018
29.813,29.515,29.813,21-May-2018
29.967,29.667,29.967,22-May-2018
29.863,29.564,29.863,23-May-2018
29.882,29.583,29.882,24-May-2018
30.176,29.874,30.176,25-May-2018
30.441,30.137,30.441,28-May-2018
30.255,29.952,30.255,29-May-2018
30.139,29.838,30.139,30-May-2018
29.992,29.692,29.992,31-May-2018
29.592,29.296,29.592,01-Jun-2018
29.27,28.977,29.27,04-Jun-2018
28.633,28.347,28.633,05-Jun-2018
28.97,28.68,28.97,06-Jun-2018
29.331,29.038,29.331,07-Jun-2018
29.417,29.123,29.417,08-Jun-2018
29.487,29.192,29.487,11-Jun-2018
29.732,29.435,29.732,12-Jun-2018
29.599,29.303,29.599,13-Jun-2018
29.642,29.346,29.642,14-Jun-2018
29.509,29.214,29.509,15-Jun-2018
29.45,29.156,29.45,18-Jun-2018
29.138,28.847,29.138,19-Jun-2018
29.209,28.917,29.209,20-Jun-2018
29.127,28.836,29.127,21-Jun-2018
29.251,28.958,29.251,22-Jun-2018
29.109,28.818,29.109,25-Jun-2018
28.99,28.7,28.99,26-Jun-2018
28.664,28.377,28.664,27-Jun-2018
28.159,27.877,28.159,28-Jun-2018
28.568,28.282,28.568,29-Jun-2018
28.449,28.165,28.449,02-Jul-2018
28.619,,,03-Jul-2018
28.674,,,04-Jul-2018
28.53,,,05-Jul-2018
28.6,,,06-Jul-2018
28.962,,,09-Jul-2018
29.205,,,10-Jul-2018
29.221,,,11-Jul-2018
29.259,,,12-Jul-2018
29.085,,,13-Jul-2018
28.659,,,16-Jul-2018
28.867,,,17-Jul-2018
28.739,,,18-Jul-2018
28.482,,,19-Jul-2018
28.766,,,20-Jul-2018
28.918,,,23-Jul-2018
29.133,,,24-Jul-2018
29.189,,,25-Jul-2018
29.279,,,26-Jul-2018
29.476,,,27-Jul-2018
29.414,,,30-Jul-2018
29.576,,,31-Jul-2018
29.61,,,01-Aug-2018
29.572,,,02-Aug-2018
29.734,,,03-Aug-2018
29.8,,,06-Aug-2018
29.726,,,07-Aug-2018
29.778,,,08-Aug-2018
29.831,,,09-Aug-2018
29.697,,,10-Aug-2018
29.508,,,13-Aug-2018
29.794,,,14-Aug-2018
29.705,,,16-Aug-2018
29.941,,,17-Aug-2018
29.984,,,20-Aug-2018
30.022,,,21-Aug-2018
30.021,,,23-Aug-2018
30.024,,,24-Aug-2018
30.338,,,27-Aug-2018
30.261,,,28-Aug-2018
30.227,,,29-Aug-2018
30.208,,,30-Aug-2018
30.341,,,31-Aug-2018
30.174,,,03-Sep-2018
29.593,,,04-Sep-2018
29.328,,,05-Sep-2018
29.403,,,06-Sep-2018
29.713,,,07-Sep-2018
29.287,,,10-Sep-2018
28.985,,,11-Sep-2018
28.971,,,12-Sep-2018
29.291,,,14-Sep-2018
29.15,,,17-Sep-2018
28.882,,,18-Sep-2018
28.563,,,19-Sep-2018
28.273,,,21-Sep-2018
27.612,,,24-Sep-2018
27.681,,,25-Sep-2018
27.797,,,26-Sep-2018
27.394,,,27-Sep-2018
26.983,,,28-Sep-2018
26.829,,,01-Oct-2018
26.637,,,03-Oct-2018
26.151,,,04-Oct-2018
25.74,,,05-Oct-2018
25.378,,,08-Oct-2018
25.234,,,09-Oct-2018
25.957,,,10-Oct-2018
25.393,,,11-Oct-2018
25.914,,,12-Oct-2018
26.167,,,15-Oct-2018
26.53,,,16-Oct-2018
26.127,,,17-Oct-2018
25.847,,,19-Oct-2018
25.521,,,22-Oct-2018
25.287,,,23-Oct-2018
25.449,,,24-Oct-2018
25.292,,,25-Oct-2018
25.394,,,26-Oct-2018
25.931,,,29-Oct-2018
26.011,,,30-Oct-2018
26.323,,,31-Oct-2018
26.554,,,01-Nov-2018
26.537,,,02-Nov-2018
26.388,,,05-Nov-2018
26.293,,,06-Nov-2018
26.695,,,09-Nov-2018
26.497,,,12-Nov-2018
26.595,,,13-Nov-2018
26.545,,,14-Nov-2018
26.683,,,15-Nov-2018
26.603,,,16-Nov-2018
26.595,,,19-Nov-2018
26.299,,,20-Nov-2018
26.449,,,21-Nov-2018
26.324,,,22-Nov-2018
26.339,,,26-Nov-2018
26.473,,,27-Nov-2018
26.32,,,28-Nov-2018
26.549,,,29-Nov-2018
26.69,,,30-Nov-2018
26.851,,,03-Dec-2018
26.825,,,04-Dec-2018
26.57,,,05-Dec-2018
26.159,,,06-Dec-2018
26.158,,,07-Dec-2018
25.693,,,10-Dec-2018
26.14,,,11-Dec-2018
26.794,,,12-Dec-2018
26.914,,,13-Dec-2018
27.001,,,14-Dec-2018
27.027,,,17-Dec-2018
27.1,,,18-Dec-2018
27.443,,,19-Dec-2018
27.416,,,20-Dec-2018
26.987,,,21-Dec-2018
26.806,,,24-Dec-2018
26.777,,,26-Dec-2018
26.857,,,27-Dec-2018
27.04,,,28-Dec-2018
27.144,,,31-Dec-2018
27.12,,,01-Jan-2019
26.838,,,02-Jan-2019
26.734,,,03-Jan-2019
26.937,,,04-Jan-2019
27.035,,,07-Jan-2019
27.021,,,08-Jan-2019
27.186,,,09-Jan-2019
27.305,,,10-Jan-2019
27.271,,,11-Jan-2019
27.202,,,14-Jan-2019
27.319,,,15-Jan-2019
27.252,,,16-Jan-2019
27.091,,,17-Jan-2019
27.002,,,18-Jan-2019
26.825,,,21-Jan-2019
26.672,,,22-Jan-2019
26.653,,,23-Jan-2019
26.603,,,24-Jan-2019
26.28,,,25-Jan-2019
25.842,,,28-Jan-2019
25.89,,,29-Jan-2019
26.017,,,30-Jan-2019
26.136,,,31-Jan-2019
26.292,,,01-Feb-2019
26.352,,,04-Feb-2019
26.357,,,05-Feb-2019
26.425,,,06-Feb-2019
26.664,,,07-Feb-2019
26.367,,,08-Feb-2019
25.944,,,11-Feb-2019
25.831,,,12-Feb-2019
25.793,,,13-Feb-2019
25.823,,,14-Feb-2019
25.681,,,15-Feb-2019
25.4,,,18-Feb-2019
25.462,,,19-Feb-2019
25.687,,,20-Feb-2019
25.9,,,21-Feb-2019
25.985,,,22-Feb-2019
26.199,,,25-Feb-2019
26.111,,,26-Feb-2019
26.208,,,27-Feb-2019
26.337,,,28-Feb-2019
26.663,,,01-Mar-2019
27.145,,,05-Mar-2019
27.377,,,06-Mar-2019
27.299,,,07-Mar-2019
27.387,,,08-Mar-2019
27.877,,,11-Mar-2019
28.035,,,12-Mar-2019
27.883,,,13-Mar-2019
27.865,,,14-Mar-2019
27.887,,,15-Mar-2019
27.776,,,18-Mar-2019
27.858,,,19-Mar-2019
27.85,,,20-Mar-2019
27.774,,,22-Mar-2019
27.493,,,25-Mar-2019
27.772,,,26-Mar-2019
28.071,,,27-Mar-2019
28.237,,,28-Mar-2019
28.381,,,29-Mar-2019
28.38,,,31-Mar-2019
28.459,,,01-Apr-2019
28.391,,,02-Apr-2019
28.177,,,03-Apr-2019
28.064,,,04-Apr-2019
28.213,,,05-Apr-2019
28.031,,,08-Apr-2019
28.07,,,09-Apr-2019
28.123,,,10-Apr-2019
28.123,,,11-Apr-2019
28.217,,,12-Apr-2019
28.294,,,15-Apr-2019
28.427,,,16-Apr-2019
28.301,,,18-Apr-2019
27.846,,,22-Apr-2019
27.87,,,23-Apr-2019
27.939,,,24-Apr-2019
27.915,,,25-Apr-2019
27.895,,,26-Apr-2019
27.738,,,30-Apr-2019
27.574,,,02-May-2019
27.644,,,03-May-2019
27.362,,,06-May-2019
27.149,,,07-May-2019
26.878,,,08-May-2019
26.884,,,09-May-2019
27.023,,,10-May-2019
26.492,,,13-May-2019
26.584,,,14-May-2019
26.523,,,15-May-2019
26.509,,,16-May-2019
26.711,,,17-May-2019
27.683,,,20-May-2019
27.583,,,21-May-2019
27.579,,,22-May-2019
27.631,,,23-May-2019
28.269,,,24-May-2019
28.818,,,27-May-2019
28.762,,,28-May-2019
28.588,,,29-May-2019
28.749,,,30-May-2019
28.768,,,31-May-2019
29.096,,,03-Jun-2019
29.039,,,04-Jun-2019
28.59,,,06-Jun-2019
28.625,,,07-Jun-2019
28.575,,,10-Jun-2019
28.626,,,11-Jun-2019
28.492,,,12-Jun-2019
28.388,,,13-Jun-2019
28.252,,,14-Jun-2019
27.983,,,17-Jun-2019
28.065,,,18-Jun-2019
27.804,,,19-Jun-2019
28.016,,,20-Jun-2019
27.923,,,21-Jun-2019
27.917,,,24-Jun-2019
28.076,,,25-Jun-2019
28.188,,,26-Jun-2019
28.341,,,27-Jun-2019
28.368,,,28-Jun-2019
28.447,,,01-Jul-2019
28.505,,,02-Jul-2019
28.52,,,03-Jul-2019
28.504,,,04-Jul-2019
28.068,,,05-Jul-2019
27.416,,,08-Jul-2019
27.58,,,09-Jul-2019
27.355,,,10-Jul-2019
27.466,,,11-Jul-2019
27.64,,,12-Jul-2019
27.519,,,15-Jul-2019
27.655,,,16-Jul-2019
27.695,,,17-Jul-2019
27.397,,,18-Jul-2019
26.861,,,19-Jul-2019
26.589,,,22-Jul-2019
26.531,,,23-Jul-2019
26.202,,,24-Jul-2019
26.254,,,25-Jul-2019
26.246,,,26-Jul-2019
26.085,,,29-Jul-2019
25.787,,,30-Jul-2019
25.994,,,31-Jul-2019
25.922,,,01-Aug-2019
25.902,,,02-Aug-2019
25.589,,,05-Aug-2019
26.04,,,06-Aug-2019
25.973,,,07-Aug-2019
26.144,,,08-Aug-2019
26.426,,,09-Aug-2019
25.889,,,13-Aug-2019
26.059,,,14-Aug-2019
26.205,,,16-Aug-2019
26.363,,,19-Aug-2019
26.154,,,20-Aug-2019
25.807,,,21-Aug-2019
25.402,,,22-Aug-2019
25.599,,,23-Aug-2019
26.042,,,26-Aug-2019
26.332,,,27-Aug-2019
26.137,,,28-Aug-2019
26.029,,,29-Aug-2019
26.199,,,30-Aug-2019
25.857,,,03-Sep-2019
25.967,,,04-Sep-2019
26.012,,,05-Sep-2019
26.124,,,06-Sep-2019
26.394,,,09-Sep-2019
26.615,,,11-Sep-2019
26.492,,,12-Sep-2019
26.655,,,13-Sep-2019
26.558,,,16-Sep-2019
26.181,,,17-Sep-2019
26.403,,,18-Sep-2019
26.04,,,19-Sep-2019
27.61,,,20-Sep-2019
28.573,,,23-Sep-2019
28.518,,,24-Sep-2019
28.07,,,25-Sep-2019
28.235,,,26-Sep-2019
28.125,,,27-Sep-2019
27.826,,,30-Sep-2019
27.358,,,01-Oct-2019
27.383,,,03-Oct-2019
27.193,,,04-Oct-2019
27.207,,,07-Oct-2019
27.542,,,09-Oct-2019
27.324,,,10-Oct-2019
27.403,,,11-Oct-2019
27.457,,,14-Oct-2019
27.499,,,15-Oct-2019
27.384,,,16-Oct-2019
27.714,,,17-Oct-2019
28.08,,,18-Oct-2019
28.13,,,22-Oct-2019
28.165,,,23-Oct-2019
28.225,,,24-Oct-2019
28.042,,,25-Oct-2019
28.442,,,29-Oct-2019
28.431,,,30-Oct-2019
28.718,,,31-Oct-2019
28.756,,,01-Nov-2019
28.69,,,04-Nov-2019
28.441,,,05-Nov-2019
28.319,,,06-Nov-2019
28.525,,,07-Nov-2019
28.52,,,08-Nov-2019
28.578,,,11-Nov-2019
28.349,,,13-Nov-2019
28.558,,,14-Nov-2019
28.636,,,15-Nov-2019
28.794,,,18-Nov-2019
28.789,,,19-Nov-2019
28.769,,,20-Nov-2019
28.58,,,21-Nov-2019
28.51,,,22-Nov-2019
28.77,,,25-Nov-2019
28.545,,,26-Nov-2019
28.708,,,27-Nov-2019
28.948,,,28-Nov-2019
28.948,,,29-Nov-2019
28.866,,,02-Dec-2019
28.733,,,03-Dec-2019
28.766,,,04-Dec-2019
28.693,,,05-Dec-2019
28.369,,,06-Dec-2019
28.266,,,09-Dec-2019
28.003,,,10-Dec-2019
28.218,,,11-Dec-2019
28.306,,,12-Dec-2019
28.54,,,13-Dec-2019
28.436,,,16-Dec-2019
28.603,,,17-Dec-2019
28.649,,,18-Dec-2019
28.605,,,19-Dec-2019
28.608,,,20-Dec-2019
28.57,,,23-Dec-2019
28.564,,,24-Dec-2019
28.623,,,26-Dec-2019
28.931,,,27-Dec-2019
29.002,,,30-Dec-2019
29.001,,,31-Dec-2019
29.027,,,01-Jan-2020
29.445,,,02-Jan-2020
29.344,,,03-Jan-2020
28.714,,,06-Jan-2020
28.886,,,07-Jan-2020
28.953,,,08-Jan-2020
29.331,,,09-Jan-2020
29.42,,,10-Jan-2020
29.618,,,13-Jan-2020
29.737,,,14-Jan-2020
30.126,,,15-Jan-2020
30.436,,,16-Jan-2020
30.594,,,17-Jan-2020
30.524,,,20-Jan-2020
30.58,,,21-Jan-2020
30.519,,,22-Jan-2020
30.813,,,23-Jan-2020
31.057,,,24-Jan-2020
31.028,,,27-Jan-2020
31.007,,,28-Jan-2020
31.004,,,29-Jan-2020
30.904,,,30-Jan-2020
30.904,,,31-Jan-2020
30.469,,,03-Feb-2020
30.952,,,04-Feb-2020
31.271,,,05-Feb-2020
31.506,,,06-Feb-2020
31.738,,,07-Feb-2020
31.456,,,10-Feb-2020
31.579,,,11-Feb-2020
31.558,,,12-Feb-2020
31.478,,,13-Feb-2020
31.305,,,14-Feb-2020
31.112,,,17-Feb-2020
31.01,,,18-Feb-2020
31.599,,,19-Feb-2020
31.702,,,20-Feb-2020
31.201,,,24-Feb-2020
31.073,,,25-Feb-2020
30.77,,,26-Feb-2020
30.579,,,27-Feb-2020
29.722,,,28-Feb-2020
29.568,,,02-Mar-2020
30.104,,,03-Mar-2020
29.602,,,04-Mar-2020
29.741,,,05-Mar-2020
29.261,,,06-Mar-2020
28.172,,,09-Mar-2020
27.892,,,11-Mar-2020
25.749,,,12-Mar-2020
26.297,,,13-Mar-2020
24.841,,,16-Mar-2020
24.254,,,17-Mar-2020
22.761,,,18-Mar-2020
21.704,,,19-Mar-2020
22.831,,,20-Mar-2020
20.047,,,23-Mar-2020
20.3,,,24-Mar-2020
20.991,,,25-Mar-2020
21.623,,,26-Mar-2020
21.542,,,27-Mar-2020
20.989,,,30-Mar-2020
21.731,,,31-Mar-2020
21.42,,,01-Apr-2020
21.42,,,01-Apr-2020
21.19,,,03-Apr-2020
21.19,,,03-Apr-2020
22.271,,,07-Apr-2020
22.271,,,07-Apr-2020
22.617,,,08-Apr-2020
22.617,,,08-Apr-2020
23.25,,,09-Apr-2020
23.25,,,09-Apr-2020
22.795,,,13-Apr-2020
22.795,,,13-Apr-2020
22.964,,,15-Apr-2020
22.964,,,15-Apr-2020
23.402,,,16-Apr-2020
23.402,,,16-Apr-2020
23.863,,,17-Apr-2020
23.863,,,17-Apr-2020
24.021,,,20-Apr-2020
24.021,,,20-Apr-2020
23.35,,,21-Apr-2020
23.35,,,21-Apr-2020
23.658,,,22-Apr-2020
23.658,,,22-Apr-2020
23.921,,,23-Apr-2020
23.921,,,23-Apr-2020
23.364,,,24-Apr-2020
23.364,,,24-Apr-2020
23.908,,,27-Apr-2020
23.908,,,27-Apr-2020
24.264,,,28-Apr-2020
24.264,,,28-Apr-2020
24.549,,,29-Apr-2020
24.549,,,29-Apr-2020
24.965,,,30-Apr-2020
24.965,,,30-Apr-2020
24.174,,,04-May-2020
24.174,,,04-May-2020
24.012,,,05-May-2020
24.012,,,05-May-2020
24.172,,,06-May-2020
24.172,,,06-May-2020
24.038,,,07-May-2020
24.038,,,07-May-2020
23.966,,,08-May-2020
23.966,,,08-May-2020
24.074,,,11-May-2020
24.074,,,11-May-2020
23.934,,,12-May-2020
23.934,,,12-May-2020
24.339,,,13-May-2020
24.339,,,13-May-2020
24.286,,,14-May-2020
24.286,,,14-May-2020
24.25,,,15-May-2020
24.25,,,15-May-2020
23.312,,,18-May-2020
23.312,,,18-May-2020
23.342,,,19-May-2020
23.342,,,19-May-2020
23.681,,,20-May-2020
23.681,,,20-May-2020
23.805,,,21-May-2020
23.805,,,21-May-2020
23.704,,,22-May-2020
23.704,,,22-May-2020
24.069,,,26-May-2020
24.069,,,26-May-2020
24.055,,,27-May-2020
24.055,,,27-May-2020
24.301,,,28-May-2020
24.301,,,28-May-2020
24.537,,,29-May-2020
24.537,,,29-May-2020
25.048,,,01-Jun-2020
25.048,,,01-Jun-2020
25.229,,,02-Jun-2020
25.229,,,02-Jun-2020
25.222,,,03-Jun-2020
25.222,,,03-Jun-2020
25.194,,,04-Jun-2020
25.194,,,04-Jun-2020
25.419,,,05-Jun-2020
25.419,,,05-Jun-2020
25.397,,,08-Jun-2020
25.397,,,08-Jun-2020
25.299,,,09-Jun-2020
25.299,,,09-Jun-2020
25.577,,,10-Jun-2020
25.577,,,10-Jun-2020
25.308,,,11-Jun-2020
25.308,,,11-Jun-2020
25.527,,,12-Jun-2020
25.527,,,12-Jun-2020
25.292,,,15-Jun-2020
25.292,,,15-Jun-2020
25.357,,,16-Jun-2020
25.357,,,16-Jun-2020
25.455,,,17-Jun-2020
25.455,,,17-Jun-2020
25.716,,,18-Jun-2020
25.716,,,18-Jun-2020
25.975,,,19-Jun-2020
25.975,,,19-Jun-2020
26.051,,,22-Jun-2020
26.051,,,22-Jun-2020
26.376,,,23-Jun-2020
26.376,,,23-Jun-2020
26.126,,,24-Jun-2020
26.126,,,24-Jun-2020
26.395,,,25-Jun-2020
26.395,,,25-Jun-2020
26.364,,,26-Jun-2020
26.111,,,29-Jun-2020
26.131,,,30-Jun-2020
26.13,,,01-Jul-2020
26.437,,,02-Jul-2020
26.585,,,03-Jul-2020
26.958,,,06-Jul-2020
27.052,,,07-Jul-2020
26.925,,,08-Jul-2020
27.186,,,09-Jul-2020
27.072,,,10-Jul-2020
27.005,,,13-Jul-2020
26.79,,,14-Jul-2020
26.698,,,15-Jul-2020
26.964,,,16-Jul-2020
27.235,,,17-Jul-2020
27.505,,,20-Jul-2020
27.61,,,21-Jul-2020
27.711,,,22-Jul-2020
27.872,,,23-Jul-2020
27.816,,,24-Jul-2020
27.622,,,27-Jul-2020
27.819,,,28-Jul-2020
27.869,,,29-Jul-2020
27.679,,,30-Jul-2020
27.861,,,31-Jul-2020
27.963,,,03-Aug-2020
28.305,,,04-Aug-2020
28.533,,,05-Aug-2020
28.784,,,06-Aug-2020
29.306,,,07-Aug-2020
29.657,,,10-Aug-2020
29.707,,,11-Aug-2020
29.525,,,12-Aug-2020
29.817,,,13-Aug-2020
29.577,,,14-Aug-2020
29.659,,,17-Aug-2020
30.023,,,18-Aug-2020
30.294,,,19-Aug-2020
30.439,,,20-Aug-2020
30.703,,,21-Aug-2020
31.003,,,24-Aug-2020
31.153,,,25-Aug-2020
31.334,,,26-Aug-2020
31.291,,,27-Aug-2020
31.299,,,28-Aug-2020
29.94,,,31-Aug-2020
30.285,,,01-Sep-2020
30.738,,,02-Sep-2020
30.885,,,03-Sep-2020
30.423,,,04-Sep-2020
30.217,,,07-Sep-2020
29.915,,,08-Sep-2020
29.766,,,09-Sep-2020
30.024,,,10-Sep-2020
30.103,,,11-Sep-2020
31.334,,,14-Sep-2020
31.734,,,15-Sep-2020
31.849,,,16-Sep-2020
31.742,,,17-Sep-2020
31.631,,,18-Sep-2020
30.517,,,21-Sep-2020
30.061,,,22-Sep-2020
30.097,,,23-Sep-2020
29.414,,,24-Sep-2020
29.962,,,25-Sep-2020
30.805,,,28-Sep-2020
30.905,,,29-Sep-2020
30.903,,,30-Sep-2020
31.098,,,01-Oct-2020
31.05,,,05-Oct-2020
31.164,,,06-Oct-2020
30.956,,,07-Oct-2020
30.965,,,08-Oct-2020
30.846,,,09-Oct-2020
30.685,,,12-Oct-2020
30.611,,,13-Oct-2020
30.768,,,14-Oct-2020
30.313,,,15-Oct-2020
30.589,,,16-Oct-2020
30.91,,,19-Oct-2020
31.044,,,20-Oct-2020
31.11,,,21-Oct-2020
31.216,,,22-Oct-2020
31.503,,,23-Oct-2020
31.027,,,26-Oct-2020
31.357,,,27-Oct-2020
31.044,,,28-Oct-2020
30.974,,,29-Oct-2020
31.17,,,30-Oct-2020
31.258,,,02-Nov-2020
31.56,,,03-Nov-2020
31.787,,,04-Nov-2020
32.371,,,05-Nov-2020
32.575,,,06-Nov-2020
32.823,,,09-Nov-2020
32.579,,,10-Nov-2020
32.727,,,11-Nov-2020
32.88,,,12-Nov-2020
33.29,,,13-Nov-2020
33.756,,,17-Nov-2020
34.304,,,18-Nov-2020
33.917,,,19-Nov-2020
34.271,,,20-Nov-2020
34.684,,,23-Nov-2020
34.992,,,24-Nov-2020
34.392,,,25-Nov-2020
34.68,,,26-Nov-2020
35.503,,,27-Nov-2020
35.802,,,01-Dec-2020
35.905,,,02-Dec-2020
35.965,,,03-Dec-2020
36.178,,,04-Dec-2020
36.308,,,07-Dec-2020
36.327,,,08-Dec-2020
36.4,,,09-Dec-2020
36.1,,,10-Dec-2020
36.216,,,11-Dec-2020
36.488,,,14-Dec-2020
36.632,,,15-Dec-2020
37.008,,,16-Dec-2020
36.947,,,17-Dec-2020
36.874,,,18-Dec-2020
35.417,,,21-Dec-2020
35.656,,,22-Dec-2020
36.603,,,23-Dec-2020
36.641,,,24-Dec-2020
37.05,,,28-Dec-2020
37.048,,,29-Dec-2020
37.127,,,30-Dec-2020
37.251,,,31-Dec-2020
37.747,,,01-Jan-2021
38.255,,,04-Jan-2021
38.683,,,05-Jan-2021
39.097,,,06-Jan-2021
39.731,,,07-Jan-2021
40.009,,,08-Jan-2021
39.877,,,11-Jan-2021
40.043,,,12-Jan-2021
39.688,,,13-Jan-2021
39.871,,,14-Jan-2021
39.412,,,15-Jan-2021
38.702,,,18-Jan-2021
39.493,,,19-Jan-2021
39.948,,,20-Jan-2021
39.507,,,21-Jan-2021
38.834,,,22-Jan-2021
38.551,,,25-Jan-2021
38.154,,,27-Jan-2021
37.978,,,28-Jan-2021
37.882,,,29-Jan-2021
39.149,,,01-Feb-2021
40.025,,,02-Feb-2021
40.742,,,03-Feb-2021
41.249,,,04-Feb-2021
40.993,,,05-Feb-2021
41.804,,,08-Feb-2021
41.833,,,09-Feb-2021
42.073,,,10-Feb-2021
42.32,,,11-Feb-2021
42.201,,,12-Feb-2021
42.799,,,15-Feb-2021
42.942,,,16-Feb-2021
43.099,,,17-Feb-2021
43.351,,,18-Feb-2021
42.708,,,19-Feb-2021
42.093,,,22-Feb-2021
42.573,,,23-Feb-2021
42.811,,,24-Feb-2021
43.284,,,25-Feb-2021
42.654,,,26-Feb-2021
43.198,,,01-Mar-2021
43.634,,,02-Mar-2021
44.262,,,03-Mar-2021
44.536,,,04-Mar-2021
43.714,,,05-Mar-2021
43.898,,,08-Mar-2021
43.76,,,09-Mar-2021
44.098,,,10-Mar-2021
43.972,,,12-Mar-2021
43.686,,,15-Mar-2021
43.859,,,16-Mar-2021
42.909,,,17-Mar-2021
42.248,,,18-Mar-2021
42.711,,,19-Mar-2021
42.87,,,22-Mar-2021
43.028,,,23-Mar-2021
42.29,,,24-Mar-2021
41.68,,,25-Mar-2021
42.377,,,26-Mar-2021
43.09,,,30-Mar-2021
43.257,,,31-Mar-2021
43.612,,,01-Apr-2021
42.812,,,05-Apr-2021
43.042,,,06-Apr-2021
43.745,,,07-Apr-2021
44.137,,,08-Apr-2021
44.168,,,09-Apr-2021
41.923,,,12-Apr-2021
42.604,,,13-Apr-2021
42.584,,,15-Apr-2021
43.104,,,16-Apr-2021
42.43,,,19-Apr-2021
42.491,,,20-Apr-2021
42.562,,,22-Apr-2021
42.7,,,23-Apr-2021
43.033,,,26-Apr-2021
43.543,,,27-Apr-2021
43.972,,,28-Apr-2021
43.939,,,29-Apr-2021
43.554,,,30-Apr-2021
43.752,,,03-May-2021
43.63,,,04-May-2021
44.009,,,05-May-2021
44.412,,,06-May-2021
44.245,,,07-May-2021
44.8,,,10-May-2021
44.975,,,11-May-2021
44.599,,,12-May-2021
44.164,,,14-May-2021
44.946,,,17-May-2021
45.835,,,18-May-2021
46.002,,,19-May-2021
46.051,,,20-May-2021
46.389,,,21-May-2021
46.78,,,24-May-2021
46.775,,,25-May-2021
46.763,,,26-May-2021
46.752,,,27-May-2021
46.527,,,28-May-2021
46.695,,,31-May-2021
46.458,,,01-Jun-2021
47.084,,,02-Jun-2021
47.639,,,03-Jun-2021
47.676,,,04-Jun-2021
48.204,,,07-Jun-2021
48.644,,,08-Jun-2021
48.304,,,09-Jun-2021
48.957,,,10-Jun-2021
48.986,,,11-Jun-2021
48.855,,,14-Jun-2021
49.295,,,15-Jun-2021
49.001,,,16-Jun-2021
48.61,,,17-Jun-2021
48.234,,,18-Jun-2021
48.429,,,21-Jun-2021
48.487,,,22-Jun-2021
48.485,,,23-Jun-2021
48.651,,,24-Jun-2021
49.11,,,25-Jun-2021
49.597,,,28-Jun-2021
49.497,,,29-Jun-2021
49.719,,,30-Jun-2021
49.659,,,01-Jul-2021
50.022,,,02-Jul-2021
50.378,,,05-Jul-2021
50.308,,,06-Jul-2021
50.698,,,07-Jul-2021
50.505,,,08-Jul-2021
50.874,,,09-Jul-2021
51.358,,,12-Jul-2021
51.41,,,13-Jul-2021
51.555,,,14-Jul-2021
51.878,,,15-Jul-2021
52.023,,,16-Jul-2021
51.771,,,19-Jul-2021
51.223,,,20-Jul-2021
51.727,,,22-Jul-2021
51.898,,,23-Jul-2021
52.076,,,26-Jul-2021
51.836,,,27-Jul-2021
51.561,,,28-Jul-2021
51.839,,,29-Jul-2021
52.454,,,30-Jul-2021
53.213,,,02-Aug-2021
53.308,,,03-Aug-2021
52.681,,,04-Aug-2021
52.644,,,05-Aug-2021
52.444,,,06-Aug-2021
52.325,,,09-Aug-2021
51.865,,,10-Aug-2021
51.554,,,11-Aug-2021
52.157,,,12-Aug-2021
52.074,,,13-Aug-2021
51.685,,,16-Aug-2021
52.038,,,17-Aug-2021
51.938,,,18-Aug-2021
50.963,,,20-Aug-2021
50.516,,,23-Aug-2021
51.044,,,24-Aug-2021
51.136,,,25-Aug-2021
51.245,,,26-Aug-2021
51.575,,,27-Aug-2021
52.458,,,30-Aug-2021
53.124,,,31-Aug-2021
53.244,,,01-Sep-2021
53.633,,,02-Sep-2021
53.744,,,03-Sep-2021
54.027,,,06-Sep-2021
53.906,,,07-Sep-2021
54.063,,,08-Sep-2021
54.231,,,09-Sep-2021
54.635,,,13-Sep-2021
54.998,,,14-Sep-2021
55.531,,,15-Sep-2021
55.585,,,16-Sep-2021
54.728,,,17-Sep-2021
53.539,,,20-Sep-2021
53.768,,,21-Sep-2021
54.305,,,22-Sep-2021
55.023,,,23-Sep-2021
54.595,,,24-Sep-2021
54.456,,,27-Sep-2021
54.151,,,28-Sep-2021
54.44,,,29-Sep-2021
55.004,,,30-Sep-2021
54.945,,,01-Oct-2021
55.667,,,04-Oct-2021
56.023,,,05-Oct-2021
55.541,,,06-Oct-2021
56.488,,,07-Oct-2021
57.007,,,08-Oct-2021
57.341,,,11-Oct-2021
57.584,,,12-Oct-2021
58.394,,,13-Oct-2021
58.673,,,14-Oct-2021
59.249,,,18-Oct-2021
58.178,,,19-Oct-2021
57.089,,,20-Oct-2021
57.166,,,21-Oct-2021
56.668,,,22-Oct-2021
55.785,,,25-Oct-2021
56.92,,,26-Oct-2021
57.013,,,27-Oct-2021
56.12,,,28-Oct-2021
55.861,,,29-Oct-2021
56.593,,,01-Nov-2021
57.341,,,02-Nov-2021
57.119,,,03-Nov-2021
58.14,,,08-Nov-2021
58.615,,,09-Nov-2021
58.337,,,10-Nov-2021
57.942,,,11-Nov-2021
58.117,,,12-Nov-2021
58.415,,,15-Nov-2021
58.369,,,16-Nov-2021
58.157,,,17-Nov-2021
57.257,,,18-Nov-2021
55.553,,,22-Nov-2021
56.609,,,23-Nov-2021
56.562,,,24-Nov-2021
57.031,,,25-Nov-2021
55.152,,,26-Nov-2021
54.359,,,29-Nov-2021
54.661,,,30-Nov-2021
55.104,,,01-Dec-2021
55.542,,,02-Dec-2021
55.58,,,03-Dec-2021
54.802,,,06-Dec-2021
55.331,,,07-Dec-2021
56.265,,,08-Dec-2021
56.456,,,09-Dec-2021
56.927,,,10-Dec-2021
57.205,,,13-Dec-2021
56.725,,,14-Dec-2021
56.516,,,15-Dec-2021
56.293,,,16-Dec-2021
55.424,,,17-Dec-2021
53.668,,,20-Dec-2021
54.447,,,21-Dec-2021
55.369,,,22-Dec-2021
55.898,,,23-Dec-2021
55.502,,,24-Dec-2021
55.688,,,27-Dec-2021
56.306,,,28-Dec-2021
56.18,,,29-Dec-2021
56.213,,,30-Dec-2021
56.791,,,31-Dec-2021
57.198,,,03-Jan-2022
57.194,,,04-Jan-2022
57.194,,,05-Jan-2022
57.126,,,06-Jan-2022
57.403,,,07-Jan-2022
57.805,,,10-Jan-2022
57.884,,,11-Jan-2022
58.363,,,12-Jan-2022
58.681,,,13-Jan-2022
58.666,,,14-Jan-2022
58.886,,,17-Jan-2022
57.85,,,18-Jan-2022
57.726,,,19-Jan-2022
57.747,,,20-Jan-2022
56.627,,,21-Jan-2022
54.611,,,24-Jan-2022
55.068,,,25-Jan-2022
54.507,,,27-Jan-2022
55.034,,,28-Jan-2022
55.769,,,31-Jan-2022
56.39,,,01-Feb-2022
56.945,,,02-Feb-2022
56.517,,,03-Feb-2022
56.136,,,04-Feb-2022
55.631,,,07-Feb-2022
55.183,,,08-Feb-2022
55.925,,,09-Feb-2022
56.205,,,10-Feb-2022
54.993,,,11-Feb-2022
52.853,,,14-Feb-2022
54.3,,,15-Feb-2022
54.204,,,16-Feb-2022
54.109,,,17-Feb-2022
53.577,,,18-Feb-2022
53.112,,,21-Feb-2022
52.923,,,22-Feb-2022
53.171,,,23-Feb-2022
50.533,,,24-Feb-2022
52.545,,,25-Feb-2022
53.011,,,28-Feb-2022
52.696,,,02-Mar-2022
52.423,,,03-Mar-2022
51.524,,,04-Mar-2022
50.077,,,07-Mar-2022
50.849,,,08-Mar-2022
52.022,,,09-Mar-2022
52.595,,,10-Mar-2022
52.904,,,11-Mar-2022
53.253,,,14-Mar-2022
52.855,,,15-Mar-2022
53.616,,,16-Mar-2022
54.408,,,17-Mar-2022
54.186,,,21-Mar-2022
54.306,,,22-Mar-2022
54.373,,,23-Mar-2022
54.403,,,24-Mar-2022
54.14,,,25-Mar-2022
53.926,,,28-Mar-2022
54.547,,,29-Mar-2022
55.023,,,30-Mar-2022
55.183,,,31-Mar-2022
55.634,,,01-Apr-2022
56.171,,,04-Apr-2022
57.021,,,05-Apr-2022
57.015,,,06-Apr-2022
56.626,,,07-Apr-2022
57.378,,,08-Apr-2022
57.511,,,11-Apr-2022
56.597,,,12-Apr-2022
56.623,,,13-Apr-2022
56.057,,,18-Apr-2022
55.317,,,19-Apr-2022
55.642,,,20-Apr-2022
56.314,,,21-Apr-2022
55.918,,,22-Apr-2022
55.029,,,25-Apr-2022
55.871,,,26-Apr-2022
55.425,,,27-Apr-2022
55.727,,,28-Apr-2022
