Historical NAV for a period From 01-Jan-2013 to 31-Dec-2017,,,
PGIM India Mutual Fund,,,
PGIM India Midcap Opportunities Fund,,,
PGIM India Midcap Opportunities Fund - Direct Plan - Growth Option,,,
Net Asset Value,Repurchase Price,Sale Price,NAV date
10.01,9.91,10.01,05-Dec-2013
10.01,9.91,10.01,06-Dec-2013
10.02,9.92,10.02,09-Dec-2013
10.01,9.91,10.01,10-Dec-2013
10.02,9.92,10.02,11-Dec-2013
10.02,9.92,10.02,12-Dec-2013
10.01,9.91,10.01,13-Dec-2013
10.02,9.92,10.02,16-Dec-2013
10.03,9.93,10.03,17-Dec-2013
10.03,9.93,10.03,18-Dec-2013
10.03,9.93,10.03,19-Dec-2013
10.06,9.96,10.06,20-Dec-2013
10.06,9.96,10.06,23-Dec-2013
10.08,9.98,10.08,24-Dec-2013
10.08,9.98,10.08,26-Dec-2013
10.09,9.99,10.09,27-Dec-2013
10.1,10,10.1,30-Dec-2013
10.11,10.01,10.11,31-Dec-2013
10.11,10.01,10.11,01-Jan-2014
10.07,9.97,10.07,02-Jan-2014
10.12,10.02,10.12,03-Jan-2014
10.12,10.02,10.12,06-Jan-2014
10.11,10.01,10.11,07-Jan-2014
10.13,10.03,10.13,08-Jan-2014
10.12,10.02,10.12,09-Jan-2014
10.11,10.01,10.11,10-Jan-2014
10.11,10.01,10.11,13-Jan-2014
10.1,10,10.1,14-Jan-2014
10.09,9.99,10.09,15-Jan-2014
10.08,9.98,10.08,16-Jan-2014
10.03,9.93,10.03,17-Jan-2014
10.06,9.96,10.06,20-Jan-2014
10.08,9.98,10.08,21-Jan-2014
10.09,9.99,10.09,22-Jan-2014
10.09,9.99,10.09,23-Jan-2014
10.04,9.94,10.04,24-Jan-2014
9.98,9.88,9.98,27-Jan-2014
9.99,9.89,9.99,28-Jan-2014
9.99,9.89,9.99,29-Jan-2014
9.97,9.87,9.97,30-Jan-2014
10,9.9,10,31-Jan-2014
9.99,9.89,9.99,03-Feb-2014
10,9.9,10,04-Feb-2014
10.01,9.91,10.01,05-Feb-2014
10.04,9.94,10.04,06-Feb-2014
10.05,9.95,10.05,07-Feb-2014
10.06,9.96,10.06,10-Feb-2014
10.07,9.97,10.07,11-Feb-2014
10.08,9.98,10.08,12-Feb-2014
10.04,9.94,10.04,13-Feb-2014
10.04,9.94,10.04,14-Feb-2014
10.02,9.92,10.02,17-Feb-2014
10.04,9.94,10.04,18-Feb-2014
10.06,9.96,10.06,19-Feb-2014
10.06,9.96,10.06,20-Feb-2014
10.07,9.97,10.07,21-Feb-2014
10.08,9.98,10.08,24-Feb-2014
10.09,9.99,10.09,25-Feb-2014
10.09,9.99,10.09,26-Feb-2014
10.1,10,10.1,28-Feb-2014
10.09,9.99,10.09,03-Mar-2014
10.13,10.03,10.13,04-Mar-2014
10.16,10.06,10.16,05-Mar-2014
10.22,10.12,10.22,06-Mar-2014
10.23,10.13,10.23,07-Mar-2014
10.25,10.15,10.25,10-Mar-2014
10.24,10.14,10.24,11-Mar-2014
10.24,10.14,10.24,12-Mar-2014
10.22,10.12,10.22,13-Mar-2014
10.23,10.13,10.23,14-Mar-2014
10.28,10.18,10.28,18-Mar-2014
10.27,10.17,10.27,19-Mar-2014
10.25,10.15,10.25,20-Mar-2014
10.26,10.16,10.26,21-Mar-2014
10.28,10.18,10.28,24-Mar-2014
10.31,10.21,10.31,25-Mar-2014
10.33,10.23,10.33,26-Mar-2014
10.38,10.28,10.38,27-Mar-2014
10.48,10.38,10.48,28-Mar-2014
10.49,10.39,10.49,31-Mar-2014
10.5,10.4,10.5,01-Apr-2014
10.63,10.52,10.63,02-Apr-2014
10.61,10.5,10.61,03-Apr-2014
10.62,10.51,10.62,04-Apr-2014
10.58,10.47,10.58,07-Apr-2014
10.67,10.56,10.67,09-Apr-2014
10.68,10.57,10.68,10-Apr-2014
10.71,10.6,10.71,11-Apr-2014
10.68,10.57,10.68,15-Apr-2014
10.59,10.48,10.59,16-Apr-2014
10.68,10.57,10.68,17-Apr-2014
10.77,10.66,10.77,21-Apr-2014
10.74,10.63,10.74,22-Apr-2014
10.77,10.66,10.77,23-Apr-2014
10.74,10.63,10.74,25-Apr-2014
10.76,10.65,10.76,28-Apr-2014
10.72,10.61,10.72,29-Apr-2014
10.61,10.5,10.61,30-Apr-2014
10.62,10.51,10.62,02-May-2014
10.58,10.47,10.58,05-May-2014
10.58,10.47,10.58,06-May-2014
10.55,10.44,10.55,07-May-2014
10.54,10.43,10.54,08-May-2014
10.66,10.55,10.66,09-May-2014
10.73,10.62,10.73,12-May-2014
10.9,10.79,10.9,13-May-2014
10.95,10.84,10.95,14-May-2014
10.83,10.72,10.83,15-May-2014
10.97,10.86,10.97,16-May-2014
11.44,11.33,11.44,19-May-2014
11.61,11.49,11.61,20-May-2014
11.65,11.53,11.65,21-May-2014
11.85,11.73,11.85,22-May-2014
12.07,11.95,12.07,23-May-2014
11.79,11.67,11.79,26-May-2014
11.69,11.57,11.69,27-May-2014
11.78,11.66,11.78,28-May-2014
11.64,11.52,11.64,29-May-2014
11.74,11.62,11.74,30-May-2014
11.95,11.83,11.95,02-Jun-2014
12.04,11.92,12.04,03-Jun-2014
12.2,12.08,12.2,04-Jun-2014
12.31,12.19,12.31,05-Jun-2014
12.5,12.38,12.5,06-Jun-2014
12.73,12.6,12.73,09-Jun-2014
12.67,12.54,12.67,10-Jun-2014
12.48,12.36,12.48,11-Jun-2014
12.5,12.38,12.5,12-Jun-2014
12.22,12.1,12.22,13-Jun-2014
12.25,12.13,12.25,16-Jun-2014
12.35,12.23,12.35,17-Jun-2014
12.27,12.15,12.27,18-Jun-2014
12.21,12.09,12.21,19-Jun-2014
12.15,12.03,12.15,20-Jun-2014
12.2,12.08,12.2,23-Jun-2014
12.33,12.21,12.33,24-Jun-2014
12.39,12.27,12.39,25-Jun-2014
12.33,12.21,12.33,26-Jun-2014
12.36,12.24,12.36,27-Jun-2014
12.62,12.49,12.62,30-Jun-2014
12.74,12.61,12.74,01-Jul-2014
12.95,12.82,12.95,02-Jul-2014
12.93,12.8,12.93,03-Jul-2014
13.01,12.88,13.01,04-Jul-2014
13.11,12.98,13.11,07-Jul-2014
12.55,12.42,12.55,08-Jul-2014
12.3,12.18,12.3,09-Jul-2014
12.38,12.26,12.38,10-Jul-2014
11.92,11.8,11.92,11-Jul-2014
11.95,11.83,11.95,14-Jul-2014
12.23,12.11,12.23,15-Jul-2014
12.44,12.32,12.44,16-Jul-2014
12.65,12.52,12.65,17-Jul-2014
12.63,12.5,12.63,18-Jul-2014
12.64,12.51,12.64,21-Jul-2014
12.67,12.54,12.67,22-Jul-2014
12.59,12.46,12.59,23-Jul-2014
12.56,12.43,12.56,24-Jul-2014
12.37,12.25,12.37,25-Jul-2014
12.28,12.16,12.28,28-Jul-2014
12.36,12.24,12.36,30-Jul-2014
12.38,12.26,12.38,31-Jul-2014
12.29,12.17,12.29,01-Aug-2014
12.5,12.38,12.5,04-Aug-2014
12.6,12.47,12.6,05-Aug-2014
12.57,12.44,12.57,06-Aug-2014
12.57,12.44,12.57,07-Aug-2014
12.4,12.28,12.4,08-Aug-2014
12.55,12.42,12.55,11-Aug-2014
12.56,12.43,12.56,12-Aug-2014
12.36,12.24,12.36,13-Aug-2014
12.49,12.37,12.49,14-Aug-2014
12.7,12.57,12.7,18-Aug-2014
12.81,12.68,12.81,19-Aug-2014
12.86,12.73,12.86,20-Aug-2014
12.9,12.77,12.9,21-Aug-2014
12.91,12.78,12.91,22-Aug-2014
12.83,12.7,12.83,25-Aug-2014
12.82,12.69,12.82,26-Aug-2014
12.88,12.75,12.88,27-Aug-2014
12.9,12.77,12.9,28-Aug-2014
13.03,12.9,13.03,01-Sep-2014
13.16,13.03,13.16,02-Sep-2014
13.25,13.12,13.25,03-Sep-2014
13.27,13.14,13.27,04-Sep-2014
13.36,13.23,13.36,05-Sep-2014
13.55,13.41,13.55,08-Sep-2014
13.66,13.52,13.66,09-Sep-2014
13.63,13.49,13.63,10-Sep-2014
13.79,13.65,13.79,11-Sep-2014
13.85,13.71,13.85,12-Sep-2014
13.86,13.72,13.86,15-Sep-2014
13.37,13.24,13.37,16-Sep-2014
13.47,13.34,13.47,17-Sep-2014
13.75,13.61,13.75,18-Sep-2014
13.72,13.58,13.72,19-Sep-2014
13.74,13.6,13.74,22-Sep-2014
13.48,13.35,13.48,23-Sep-2014
13.36,13.23,13.36,24-Sep-2014
13.07,12.94,13.07,25-Sep-2014
13.22,13.09,13.22,26-Sep-2014
13.38,13.25,13.38,29-Sep-2014
13.39,13.26,13.39,30-Sep-2014
13.39,13.26,13.39,01-Oct-2014
13.21,13.08,13.21,07-Oct-2014
13.18,13.05,13.18,08-Oct-2014
13.37,13.24,13.37,09-Oct-2014
13.14,13.01,13.14,10-Oct-2014
13.18,13.05,13.18,13-Oct-2014
13.16,13.03,13.16,14-Oct-2014
12.85,12.72,12.85,16-Oct-2014
12.93,12.8,12.93,17-Oct-2014
13.11,12.98,13.11,20-Oct-2014
13.22,13.09,13.22,21-Oct-2014
13.42,13.29,13.42,22-Oct-2014
13.46,13.33,13.46,27-Oct-2014
13.52,13.38,13.52,28-Oct-2014
13.55,13.41,13.55,29-Oct-2014
13.61,13.47,13.61,30-Oct-2014
13.81,13.67,13.81,31-Oct-2014
13.94,13.8,13.94,03-Nov-2014
13.96,13.82,13.96,05-Nov-2014
14.03,13.89,14.03,07-Nov-2014
14.05,13.91,14.05,10-Nov-2014
14.17,14.03,14.17,11-Nov-2014
14.26,14.12,14.26,12-Nov-2014
14.22,14.08,14.22,13-Nov-2014
14.29,14.15,14.29,14-Nov-2014
14.45,14.31,14.45,17-Nov-2014
14.58,14.43,14.58,18-Nov-2014
14.46,14.32,14.46,19-Nov-2014
14.4,14.26,14.4,20-Nov-2014
14.36,14.22,14.36,21-Nov-2014
14.42,14.28,14.42,24-Nov-2014
14.23,14.09,14.23,25-Nov-2014
14.27,14.13,14.27,26-Nov-2014
14.33,14.19,14.33,27-Nov-2014
14.45,14.31,14.45,28-Nov-2014
14.35,14.21,14.35,01-Dec-2014
14.41,14.27,14.41,02-Dec-2014
14.58,14.43,14.58,03-Dec-2014
14.61,14.46,14.61,04-Dec-2014
14.55,14.4,14.55,05-Dec-2014
14.38,14.24,14.38,08-Dec-2014
14.18,14.04,14.18,09-Dec-2014
14.35,14.21,14.35,10-Dec-2014
14.31,14.17,14.31,11-Dec-2014
14.14,14,14.14,12-Dec-2014
14.06,13.92,14.06,15-Dec-2014
13.71,13.57,13.71,16-Dec-2014
13.57,13.43,13.57,17-Dec-2014
13.97,13.83,13.97,18-Dec-2014
14.08,13.94,14.08,19-Dec-2014
14.15,14.01,14.15,22-Dec-2014
14.05,13.91,14.05,23-Dec-2014
14.07,13.93,14.07,24-Dec-2014
14.15,14.01,14.15,26-Dec-2014
14.29,14.15,14.29,29-Dec-2014
14.34,14.2,14.34,30-Dec-2014
14.51,14.36,14.51,31-Dec-2014
14.63,14.48,14.63,01-Jan-2015
14.74,14.59,14.74,02-Jan-2015
14.78,14.63,14.78,05-Jan-2015
14.33,14.19,14.33,06-Jan-2015
14.36,14.22,14.36,07-Jan-2015
14.66,14.51,14.66,08-Jan-2015
14.74,14.59,14.74,09-Jan-2015
14.89,14.74,14.89,12-Jan-2015
14.92,14.77,14.92,13-Jan-2015
14.92,14.77,14.92,14-Jan-2015
15.12,14.97,15.12,15-Jan-2015
15.2,15.05,15.2,16-Jan-2015
15.27,15.12,15.27,19-Jan-2015
15.32,15.17,15.32,20-Jan-2015
15.33,15.18,15.33,21-Jan-2015
15.35,15.2,15.35,22-Jan-2015
15.25,15.1,15.25,23-Jan-2015
15.36,15.21,15.36,27-Jan-2015
15.36,15.21,15.36,28-Jan-2015
15.41,15.26,15.41,29-Jan-2015
15.34,15.19,15.34,30-Jan-2015
15.37,15.22,15.37,02-Feb-2015
15.33,15.18,15.33,03-Feb-2015
15.32,15.17,15.32,04-Feb-2015
15.17,15.02,15.17,05-Feb-2015
15.02,14.87,15.02,06-Feb-2015
14.85,14.7,14.85,09-Feb-2015
14.98,14.83,14.98,10-Feb-2015
15.23,15.08,15.23,11-Feb-2015
15.45,15.3,15.45,12-Feb-2015
15.59,15.43,15.59,13-Feb-2015
15.55,15.39,15.55,16-Feb-2015
15.68,15.52,15.68,18-Feb-2015
15.73,15.57,15.73,19-Feb-2015
15.8,15.64,15.8,20-Feb-2015
15.67,15.51,15.67,23-Feb-2015
15.58,15.42,15.58,24-Feb-2015
15.62,15.46,15.62,25-Feb-2015
15.43,15.28,15.43,26-Feb-2015
15.71,15.55,15.71,27-Feb-2015
16.02,15.86,16.02,02-Mar-2015
16.19,16.03,16.19,03-Mar-2015
15.93,15.77,15.93,04-Mar-2015
16.09,15.93,16.09,05-Mar-2015
15.89,15.73,15.89,09-Mar-2015
15.88,15.72,15.88,10-Mar-2015
15.82,15.66,15.82,11-Mar-2015
16.02,15.86,16.02,12-Mar-2015
15.84,15.68,15.84,13-Mar-2015
15.79,15.63,15.79,16-Mar-2015
15.88,15.72,15.88,17-Mar-2015
15.95,15.79,15.95,18-Mar-2015
15.86,15.7,15.86,19-Mar-2015
15.61,15.45,15.61,20-Mar-2015
15.47,15.32,15.47,23-Mar-2015
15.44,15.29,15.44,24-Mar-2015
15.35,15.2,15.35,25-Mar-2015
15.13,14.98,15.13,26-Mar-2015
15.21,15.06,15.21,27-Mar-2015
15.58,15.42,15.58,30-Mar-2015
15.74,15.58,15.74,31-Mar-2015
16.01,15.85,16.01,01-Apr-2015
16.22,16.06,16.22,06-Apr-2015
16.35,16.19,16.35,07-Apr-2015
16.46,16.3,16.46,08-Apr-2015
16.43,16.27,16.43,09-Apr-2015
16.47,16.31,16.47,10-Apr-2015
16.51,16.34,16.51,13-Apr-2015
16.41,16.25,16.41,15-Apr-2015
16.27,16.11,16.27,16-Apr-2015
15.99,15.83,15.99,17-Apr-2015
15.66,15.5,15.66,20-Apr-2015
15.65,15.49,15.65,21-Apr-2015
15.63,15.47,15.63,22-Apr-2015
15.64,15.48,15.64,23-Apr-2015
15.25,15.1,15.25,24-Apr-2015
14.88,14.73,14.88,27-Apr-2015
15.16,15.01,15.16,28-Apr-2015
15.25,15.1,15.25,29-Apr-2015
15.27,15.12,15.27,30-Apr-2015
15.57,15.41,15.57,04-May-2015
15.62,15.46,15.62,05-May-2015
15.07,14.92,15.07,06-May-2015
14.72,14.57,14.72,07-May-2015
15.04,14.89,15.04,08-May-2015
15.32,15.17,15.32,11-May-2015
14.97,14.82,14.97,12-May-2015
15.21,15.06,15.21,13-May-2015
15.32,15.17,15.32,14-May-2015
15.45,15.3,15.45,15-May-2015
15.53,15.37,15.53,18-May-2015
15.57,15.41,15.57,19-May-2015
15.53,15.37,15.53,20-May-2015
15.45,15.3,15.45,21-May-2015
15.48,15.33,15.48,22-May-2015
15.4,15.25,15.4,25-May-2015
15.39,15.24,15.39,26-May-2015
15.32,15.17,15.32,27-May-2015
15.28,15.13,15.28,28-May-2015
15.57,15.41,15.57,29-May-2015
15.55,15.39,15.55,01-Jun-2015
15.26,15.11,15.26,02-Jun-2015
14.96,14.81,14.96,03-Jun-2015
14.94,14.79,14.94,04-Jun-2015
15,14.85,15,05-Jun-2015
14.79,14.64,14.79,08-Jun-2015
14.69,14.54,14.69,09-Jun-2015
14.89,14.74,14.89,10-Jun-2015
14.66,14.51,14.66,11-Jun-2015
14.64,14.49,14.64,12-Jun-2015
14.69,14.54,14.69,15-Jun-2015
14.76,14.61,14.76,16-Jun-2015
14.95,14.8,14.95,17-Jun-2015
15.14,14.99,15.14,18-Jun-2015
15.23,15.08,15.23,19-Jun-2015
15.45,15.3,15.45,22-Jun-2015
15.54,15.38,15.54,23-Jun-2015
15.49,15.34,15.49,24-Jun-2015
15.53,15.37,15.53,25-Jun-2015
15.57,15.41,15.57,26-Jun-2015
15.38,15.23,15.38,29-Jun-2015
15.53,15.37,15.53,30-Jun-2015
15.74,15.58,15.74,01-Jul-2015
15.85,15.69,15.85,02-Jul-2015
15.87,15.71,15.87,03-Jul-2015
16.07,15.91,16.07,06-Jul-2015
16.12,15.96,16.12,07-Jul-2015
15.91,15.75,15.91,08-Jul-2015
15.95,15.79,15.95,09-Jul-2015
16.03,15.87,16.03,10-Jul-2015
16.21,16.05,16.21,13-Jul-2015
16.24,16.08,16.24,14-Jul-2015
16.28,16.12,16.28,15-Jul-2015
16.43,16.27,16.43,16-Jul-2015
16.46,16.3,16.46,17-Jul-2015
16.51,16.34,16.51,20-Jul-2015
16.27,16.11,16.27,21-Jul-2015
16.46,16.3,16.46,22-Jul-2015
16.57,16.4,16.57,23-Jul-2015
16.46,16.3,16.46,24-Jul-2015
16.23,16.07,16.23,27-Jul-2015
16.19,16.03,16.19,28-Jul-2015
16.38,16.22,16.38,29-Jul-2015
16.45,16.29,16.45,30-Jul-2015
16.63,16.46,16.63,31-Jul-2015
16.78,16.61,16.78,03-Aug-2015
16.97,16.8,16.97,04-Aug-2015
17.13,16.96,17.13,05-Aug-2015
17.09,16.92,17.09,06-Aug-2015
16.99,16.82,16.99,07-Aug-2015
16.93,16.76,16.93,10-Aug-2015
16.8,16.63,16.8,11-Aug-2015
16.43,16.27,16.43,12-Aug-2015
16.29,16.13,16.29,13-Aug-2015
16.65,16.48,16.65,14-Aug-2015
16.63,16.46,16.63,17-Aug-2015
16.75,16.58,16.75,18-Aug-2015
16.87,16.7,16.87,19-Aug-2015
16.58,16.41,16.58,20-Aug-2015
16.45,16.29,16.45,21-Aug-2015
15.28,15.13,15.28,24-Aug-2015
15.38,15.23,15.38,25-Aug-2015
15.32,15.17,15.32,26-Aug-2015
15.76,15.6,15.76,27-Aug-2015
15.86,15.7,15.86,28-Aug-2015
15.81,15.65,15.81,31-Aug-2015
15.49,15.34,15.49,01-Sep-2015
15.45,15.3,15.45,02-Sep-2015
15.6,15.44,15.6,03-Sep-2015
15.27,15.12,15.27,04-Sep-2015
14.91,14.76,14.91,07-Sep-2015
15,14.85,15,08-Sep-2015
15.28,15.13,15.28,09-Sep-2015
15.27,15.12,15.27,10-Sep-2015
15.35,15.2,15.35,11-Sep-2015
15.5,15.35,15.5,14-Sep-2015
15.36,15.21,15.36,15-Sep-2015
15.27,15.12,15.27,16-Sep-2015
15.36,15.21,15.36,18-Sep-2015
15.42,15.27,15.42,21-Sep-2015
15.26,15.11,15.26,22-Sep-2015
15.32,15.17,15.32,23-Sep-2015
15.36,15.21,15.36,24-Sep-2015
15.27,15.12,15.27,28-Sep-2015
15.25,15.1,15.25,29-Sep-2015
15.48,15.33,15.48,30-Sep-2015
15.53,15.37,15.53,01-Oct-2015
15.8,15.64,15.8,05-Oct-2015
15.82,15.66,15.82,06-Oct-2015
15.84,15.68,15.84,07-Oct-2015
15.8,15.64,15.8,08-Oct-2015
15.81,15.65,15.81,09-Oct-2015
15.78,15.62,15.78,12-Oct-2015
15.73,15.57,15.73,13-Oct-2015
15.72,15.56,15.72,14-Oct-2015
15.75,15.59,15.75,15-Oct-2015
15.79,15.63,15.79,16-Oct-2015
15.86,15.7,15.86,19-Oct-2015
15.92,15.76,15.92,20-Oct-2015
15.86,15.7,15.86,21-Oct-2015
15.79,15.63,15.79,23-Oct-2015
15.7,15.54,15.7,26-Oct-2015
15.68,15.52,15.68,27-Oct-2015
15.65,15.49,15.65,28-Oct-2015
15.64,15.48,15.64,29-Oct-2015
15.63,15.47,15.63,30-Oct-2015
15.62,15.46,15.62,02-Nov-2015
15.69,15.53,15.69,03-Nov-2015
15.67,15.51,15.67,04-Nov-2015
15.49,15.34,15.49,05-Nov-2015
15.43,15.28,15.43,06-Nov-2015
15.51,15.35,15.51,09-Nov-2015
15.29,15.14,15.29,10-Nov-2015
15.34,15.19,15.34,13-Nov-2015
15.31,15.16,15.31,16-Nov-2015
15.36,15.21,15.36,17-Nov-2015
15.24,15.09,15.24,18-Nov-2015
15.45,15.3,15.45,19-Nov-2015
15.59,15.43,15.59,20-Nov-2015
15.64,15.48,15.64,23-Nov-2015
15.66,15.5,15.66,24-Nov-2015
15.66,15.5,15.66,26-Nov-2015
15.79,15.63,15.79,27-Nov-2015
15.76,15.6,15.76,30-Nov-2015
15.83,15.67,15.83,01-Dec-2015
15.8,15.64,15.8,02-Dec-2015
15.72,15.56,15.72,03-Dec-2015
15.58,15.42,15.58,04-Dec-2015
15.56,15.4,15.56,07-Dec-2015
15.4,15.25,15.4,08-Dec-2015
15.07,14.92,15.07,09-Dec-2015
15.23,15.08,15.23,10-Dec-2015
15.07,14.92,15.07,11-Dec-2015
15.11,14.96,15.11,14-Dec-2015
15.25,15.1,15.25,15-Dec-2015
15.29,15.14,15.29,16-Dec-2015
15.5,15.35,15.5,17-Dec-2015
15.45,15.3,15.45,18-Dec-2015
15.56,15.4,15.56,21-Dec-2015
15.53,15.37,15.53,22-Dec-2015
15.59,15.43,15.59,23-Dec-2015
15.65,15.49,15.65,24-Dec-2015
15.68,15.52,15.68,28-Dec-2015
15.71,15.55,15.71,29-Dec-2015
15.67,15.51,15.67,30-Dec-2015
15.72,15.56,15.72,31-Dec-2015
15.91,15.75,15.91,01-Jan-2016
15.69,15.53,15.69,04-Jan-2016
15.79,15.63,15.79,05-Jan-2016
15.75,15.59,15.75,06-Jan-2016
15.37,15.22,15.37,07-Jan-2016
15.53,15.37,15.53,08-Jan-2016
15.4,15.25,15.4,11-Jan-2016
15.3,15.15,15.3,12-Jan-2016
15.17,15.02,15.17,13-Jan-2016
15,14.85,15,14-Jan-2016
14.56,14.41,14.56,15-Jan-2016
14.06,13.92,14.06,18-Jan-2016
14.3,14.16,14.3,19-Jan-2016
14.04,13.9,14.04,20-Jan-2016
14.03,13.89,14.03,21-Jan-2016
14.26,14.12,14.26,22-Jan-2016
14.33,14.19,14.33,25-Jan-2016
14.42,14.28,14.42,27-Jan-2016
14.42,14.28,14.42,28-Jan-2016
14.54,14.39,14.54,29-Jan-2016
14.64,14.49,14.64,01-Feb-2016
14.41,14.27,14.41,02-Feb-2016
14.18,14.04,14.18,03-Feb-2016
14.1,13.96,14.1,04-Feb-2016
14.36,14.22,14.36,05-Feb-2016
14.31,14.17,14.31,08-Feb-2016
14.02,13.88,14.02,09-Feb-2016
13.82,13.68,13.82,10-Feb-2016
13.32,13.19,13.32,11-Feb-2016
13.22,13.09,13.22,12-Feb-2016
13.62,13.48,13.62,15-Feb-2016
13.31,13.18,13.31,16-Feb-2016
13.43,13.3,13.43,17-Feb-2016
13.52,13.38,13.52,18-Feb-2016
13.53,13.39,13.53,19-Feb-2016
13.61,13.47,13.61,22-Feb-2016
13.36,13.23,13.36,23-Feb-2016
13.21,13.08,13.21,24-Feb-2016
13.07,12.94,13.07,25-Feb-2016
13.1,12.97,13.1,26-Feb-2016
13.08,12.95,13.08,29-Feb-2016
13.5,13.37,13.5,01-Mar-2016
13.75,13.61,13.75,02-Mar-2016
13.93,13.79,13.93,03-Mar-2016
13.99,13.85,13.99,04-Mar-2016
14,13.86,14,08-Mar-2016
14.06,13.92,14.06,09-Mar-2016
14.02,13.88,14.02,10-Mar-2016
14.04,13.9,14.04,11-Mar-2016
14.07,13.93,14.07,14-Mar-2016
13.92,13.78,13.92,15-Mar-2016
13.86,13.72,13.86,16-Mar-2016
13.94,13.8,13.94,17-Mar-2016
14.07,13.93,14.07,18-Mar-2016
14.22,14.08,14.22,21-Mar-2016
14.24,14.1,14.24,22-Mar-2016
14.21,14.07,14.21,23-Mar-2016
14.09,13.95,14.09,28-Mar-2016
14.1,13.96,14.1,29-Mar-2016
14.28,14.14,14.28,30-Mar-2016
14.33,14.19,14.33,31-Mar-2016
14.3,14.16,14.3,01-Apr-2016
14.36,14.22,14.36,04-Apr-2016
14.18,14.04,14.18,05-Apr-2016
14.26,14.12,14.26,06-Apr-2016
14.19,14.05,14.19,07-Apr-2016
14.26,14.12,14.26,08-Apr-2016
14.37,14.23,14.37,11-Apr-2016
14.49,14.35,14.49,12-Apr-2016
14.66,14.51,14.66,13-Apr-2016
14.87,14.72,14.87,18-Apr-2016
14.84,14.69,14.84,20-Apr-2016
14.76,14.61,14.76,21-Apr-2016
14.76,14.61,14.76,22-Apr-2016
14.72,14.57,14.72,25-Apr-2016
14.86,14.71,14.86,26-Apr-2016
14.88,14.73,14.88,27-Apr-2016
14.7,14.55,14.7,28-Apr-2016
14.71,14.56,14.71,29-Apr-2016
14.76,14.61,14.76,02-May-2016
14.66,14.51,14.66,03-May-2016
14.45,14.31,14.45,04-May-2016
14.45,14.31,14.45,05-May-2016
14.48,14.34,14.48,06-May-2016
14.67,14.52,14.67,09-May-2016
14.69,14.54,14.69,10-May-2016
14.78,14.63,14.78,11-May-2016
14.92,14.77,14.92,12-May-2016
14.89,14.74,14.89,13-May-2016
14.84,14.69,14.84,16-May-2016
14.83,14.68,14.83,17-May-2016
14.84,14.69,14.84,18-May-2016
14.71,14.56,14.71,19-May-2016
14.6,14.45,14.6,20-May-2016
14.5,14.36,14.5,23-May-2016
14.47,14.33,14.47,24-May-2016
14.62,14.47,14.62,25-May-2016
14.73,14.58,14.73,26-May-2016
14.96,14.81,14.96,27-May-2016
15.04,14.89,15.04,30-May-2016
14.97,14.82,14.97,31-May-2016
15,14.85,15,01-Jun-2016
15.08,14.93,15.08,02-Jun-2016
15.01,14.86,15.01,03-Jun-2016
15.04,14.89,15.04,06-Jun-2016
15.13,14.98,15.13,07-Jun-2016
15.19,15.04,15.19,08-Jun-2016
15.08,14.93,15.08,09-Jun-2016
15.01,14.86,15.01,10-Jun-2016
14.96,14.81,14.96,13-Jun-2016
14.95,14.8,14.95,14-Jun-2016
15.04,14.89,15.04,15-Jun-2016
14.97,14.82,14.97,16-Jun-2016
14.96,14.81,14.96,17-Jun-2016
15.03,14.88,15.03,20-Jun-2016
15.05,14.9,15.05,21-Jun-2016
15.06,14.91,15.06,22-Jun-2016
15.14,14.99,15.14,23-Jun-2016
14.92,14.77,14.92,24-Jun-2016
15,14.85,15,27-Jun-2016
15.08,14.93,15.08,28-Jun-2016
15.24,15.09,15.24,29-Jun-2016
15.41,15.26,15.41,30-Jun-2016
15.58,15.42,15.58,01-Jul-2016
15.65,15.49,15.65,04-Jul-2016
15.66,15.5,15.66,05-Jul-2016
15.63,15.47,15.63,07-Jul-2016
15.67,15.51,15.67,08-Jul-2016
15.89,15.73,15.89,11-Jul-2016
15.95,15.79,15.95,12-Jul-2016
15.92,15.76,15.92,13-Jul-2016
16,15.84,16,14-Jul-2016
15.98,15.82,15.98,15-Jul-2016
15.89,15.73,15.89,18-Jul-2016
15.86,15.7,15.86,19-Jul-2016
15.99,15.83,15.99,20-Jul-2016
15.94,15.78,15.94,21-Jul-2016
16.09,15.93,16.09,22-Jul-2016
16.23,16.07,16.23,25-Jul-2016
16.24,16.08,16.24,26-Jul-2016
16.3,16.14,16.3,27-Jul-2016
16.36,16.2,16.36,28-Jul-2016
16.43,16.27,16.43,29-Jul-2016
16.53,16.36,16.53,01-Aug-2016
16.43,16.27,16.43,02-Aug-2016
16.13,15.97,16.13,03-Aug-2016
16.19,16.03,16.19,04-Aug-2016
16.41,16.25,16.41,05-Aug-2016
16.54,16.37,16.54,08-Aug-2016
16.52,16.35,16.52,09-Aug-2016
16.29,16.13,16.29,10-Aug-2016
16.25,16.09,16.25,11-Aug-2016
16.35,16.19,16.35,12-Aug-2016
16.4,16.24,16.4,16-Aug-2016
16.5,16.34,16.5,17-Aug-2016
16.54,16.37,16.54,18-Aug-2016
16.61,16.44,16.61,19-Aug-2016
16.5,16.34,16.5,22-Aug-2016
16.47,16.31,16.47,23-Aug-2016
16.57,16.4,16.57,24-Aug-2016
16.52,16.35,16.52,25-Aug-2016
16.55,16.38,16.55,26-Aug-2016
16.61,16.44,16.61,29-Aug-2016
16.75,16.58,16.75,30-Aug-2016
16.87,16.7,16.87,31-Aug-2016
16.89,16.72,16.89,01-Sep-2016
16.96,16.79,16.96,02-Sep-2016
17.15,16.98,17.15,06-Sep-2016
17.17,17,17.17,07-Sep-2016
17.3,17.13,17.3,08-Sep-2016
17.23,17.06,17.23,09-Sep-2016
16.81,16.64,16.81,12-Sep-2016
16.98,16.81,16.98,14-Sep-2016
17.06,16.89,17.06,15-Sep-2016
17.01,16.84,17.01,16-Sep-2016
17.11,16.94,17.11,19-Sep-2016
17.07,16.9,17.07,20-Sep-2016
17.09,16.92,17.09,21-Sep-2016
17.32,17.15,17.32,22-Sep-2016
17.34,17.17,17.34,23-Sep-2016
17.29,17.12,17.29,26-Sep-2016
17.3,17.13,17.3,27-Sep-2016
17.51,17.33,17.51,28-Sep-2016
17,16.83,17,29-Sep-2016
17.31,17.14,17.31,30-Sep-2016
17.75,17.57,17.75,03-Oct-2016
17.87,17.69,17.87,04-Oct-2016
17.93,17.75,17.93,05-Oct-2016
17.82,17.64,17.82,06-Oct-2016
17.77,17.59,17.77,07-Oct-2016
17.72,17.54,17.72,10-Oct-2016
17.51,17.33,17.51,13-Oct-2016
17.57,17.39,17.57,14-Oct-2016
17.37,17.2,17.37,17-Oct-2016
17.58,17.4,17.58,18-Oct-2016
17.55,17.37,17.55,19-Oct-2016
17.52,17.34,17.52,20-Oct-2016
17.55,17.37,17.55,21-Oct-2016
17.47,17.3,17.47,24-Oct-2016
17.44,17.27,17.44,25-Oct-2016
17.27,17.1,17.27,26-Oct-2016
17.12,16.95,17.12,27-Oct-2016
17.35,17.18,17.35,28-Oct-2016
17.43,17.26,17.43,01-Nov-2016
17.17,17,17.17,02-Nov-2016
17.04,16.87,17.04,03-Nov-2016
16.85,16.68,16.85,04-Nov-2016
16.93,16.76,16.93,07-Nov-2016
16.97,16.8,16.97,08-Nov-2016
16.64,16.47,16.64,09-Nov-2016
16.82,16.65,16.82,10-Nov-2016
16.3,16.14,16.3,11-Nov-2016
15.72,15.56,15.72,15-Nov-2016
15.77,15.61,15.77,16-Nov-2016
15.68,15.52,15.68,17-Nov-2016
15.7,15.54,15.7,18-Nov-2016
15.33,15.18,15.33,21-Nov-2016
15.46,15.31,15.46,22-Nov-2016
15.59,15.43,15.59,23-Nov-2016
15.58,15.42,15.58,24-Nov-2016
15.74,15.58,15.74,25-Nov-2016
15.86,15.7,15.86,28-Nov-2016
15.94,15.78,15.94,29-Nov-2016
16.11,15.95,16.11,30-Nov-2016
15.97,15.81,15.97,01-Dec-2016
15.79,15.63,15.79,02-Dec-2016
15.86,15.7,15.86,05-Dec-2016
15.88,15.72,15.88,06-Dec-2016
15.83,15.67,15.83,07-Dec-2016
16.01,15.85,16.01,08-Dec-2016
16.08,15.92,16.08,09-Dec-2016
15.88,15.72,15.88,12-Dec-2016
15.8,15.64,15.8,13-Dec-2016
15.72,15.56,15.72,14-Dec-2016
15.76,15.6,15.76,15-Dec-2016
15.71,15.55,15.71,16-Dec-2016
15.65,15.49,15.65,19-Dec-2016
15.49,15.34,15.49,20-Dec-2016
15.48,15.33,15.48,21-Dec-2016
15.31,15.16,15.31,22-Dec-2016
15.26,15.11,15.26,23-Dec-2016
15.06,14.91,15.06,26-Dec-2016
15.24,15.09,15.24,27-Dec-2016
15.29,15.14,15.29,28-Dec-2016
15.47,15.32,15.47,29-Dec-2016
15.62,15.46,15.62,30-Dec-2016
15.65,15.49,15.65,02-Jan-2017
15.74,15.58,15.74,03-Jan-2017
15.69,15.53,15.69,04-Jan-2017
15.88,15.72,15.88,05-Jan-2017
15.86,15.7,15.86,06-Jan-2017
15.89,15.73,15.89,09-Jan-2017
16.04,15.88,16.04,10-Jan-2017
16.22,16.06,16.22,11-Jan-2017
16.22,16.06,16.22,12-Jan-2017
16.25,16.09,16.25,13-Jan-2017
16.28,16.12,16.28,16-Jan-2017
16.28,16.12,16.28,17-Jan-2017
16.38,16.22,16.38,18-Jan-2017
16.46,16.3,16.46,19-Jan-2017
16.31,16.15,16.31,20-Jan-2017
16.41,16.25,16.41,23-Jan-2017
16.54,16.37,16.54,24-Jan-2017
16.69,16.52,16.69,25-Jan-2017
16.76,16.59,16.76,27-Jan-2017
16.76,16.59,16.76,30-Jan-2017
16.58,16.41,16.58,31-Jan-2017
16.88,16.71,16.88,01-Feb-2017
17.01,16.84,17.01,02-Feb-2017
17.17,17,17.17,03-Feb-2017
17.25,17.08,17.25,06-Feb-2017
17.25,17.08,17.25,07-Feb-2017
17.31,17.14,17.31,08-Feb-2017
17.4,17.23,17.4,09-Feb-2017
17.41,17.24,17.41,10-Feb-2017
17.38,17.21,17.38,13-Feb-2017
17.31,17.14,17.31,14-Feb-2017
17.15,16.98,17.15,15-Feb-2017
17.31,17.14,17.31,16-Feb-2017
17.41,17.24,17.41,17-Feb-2017
17.6,17.42,17.6,20-Feb-2017
17.64,17.46,17.64,21-Feb-2017
17.53,17.35,17.53,22-Feb-2017
17.52,17.34,17.52,23-Feb-2017
17.57,17.39,17.57,27-Feb-2017
17.63,17.45,17.63,28-Feb-2017
17.73,17.55,17.73,01-Mar-2017
17.54,17.36,17.54,02-Mar-2017
17.58,17.4,17.58,03-Mar-2017
17.67,17.49,17.67,06-Mar-2017
17.68,17.5,17.68,07-Mar-2017
17.62,17.44,17.62,08-Mar-2017
17.69,17.51,17.69,09-Mar-2017
17.67,17.49,17.67,10-Mar-2017
17.78,17.6,17.78,14-Mar-2017
17.89,17.71,17.89,15-Mar-2017
18.05,17.87,18.05,16-Mar-2017
18.01,17.83,18.01,17-Mar-2017
18.04,17.86,18.04,20-Mar-2017
18.03,17.85,18.03,21-Mar-2017
17.87,17.69,17.87,22-Mar-2017
17.98,17.8,17.98,23-Mar-2017
17.99,17.81,17.99,24-Mar-2017
18.02,17.84,18.02,27-Mar-2017
18.15,17.97,18.15,28-Mar-2017
18.29,18.11,18.29,29-Mar-2017
18.35,18.17,18.35,30-Mar-2017
18.56,18.37,18.56,31-Mar-2017
18.61,18.42,18.61,03-Apr-2017
18.65,18.46,18.65,05-Apr-2017
18.68,18.49,18.68,06-Apr-2017
18.6,18.41,18.6,07-Apr-2017
18.71,18.52,18.71,10-Apr-2017
18.89,18.7,18.89,11-Apr-2017
18.79,18.6,18.79,12-Apr-2017
18.83,18.64,18.83,13-Apr-2017
18.87,18.68,18.87,17-Apr-2017
18.8,18.61,18.8,18-Apr-2017
18.92,18.73,18.92,19-Apr-2017
19.08,18.89,19.08,20-Apr-2017
19.02,18.83,19.02,21-Apr-2017
19.08,18.89,19.08,24-Apr-2017
19.12,18.93,19.12,25-Apr-2017
19.06,18.87,19.06,26-Apr-2017
19.04,18.85,19.04,27-Apr-2017
19.22,19.03,19.22,28-Apr-2017
19.31,19.12,19.31,02-May-2017
19.22,19.03,19.22,03-May-2017
19.33,19.14,19.33,04-May-2017
19.24,19.05,19.24,05-May-2017
19.26,19.07,19.26,08-May-2017
19.26,19.07,19.26,09-May-2017
19.46,19.27,19.46,10-May-2017
19.44,19.25,19.44,11-May-2017
19.33,19.14,19.33,12-May-2017
19.48,19.29,19.48,15-May-2017
19.54,19.34,19.54,16-May-2017
19.44,19.25,19.44,17-May-2017
19.17,18.98,19.17,18-May-2017
19.11,18.92,19.11,19-May-2017
18.89,18.7,18.89,22-May-2017
18.66,18.47,18.66,23-May-2017
18.51,18.32,18.51,24-May-2017
18.83,18.64,18.83,25-May-2017
19.11,18.92,19.11,26-May-2017
18.88,18.69,18.88,29-May-2017
18.94,18.75,18.94,30-May-2017
19.11,18.92,19.11,31-May-2017
19.23,19.04,19.23,01-Jun-2017
19.32,19.13,19.32,02-Jun-2017
19.34,19.15,19.34,05-Jun-2017
19.29,19.1,19.29,06-Jun-2017
19.36,19.17,19.36,07-Jun-2017
19.44,19.25,19.44,08-Jun-2017
19.53,19.33,19.53,09-Jun-2017
19.4,19.21,19.4,12-Jun-2017
19.42,19.23,19.42,13-Jun-2017
19.45,19.26,19.45,14-Jun-2017
19.41,19.22,19.41,15-Jun-2017
19.49,19.3,19.49,16-Jun-2017
19.53,19.33,19.53,19-Jun-2017
19.55,19.35,19.55,20-Jun-2017
19.55,19.35,19.55,21-Jun-2017
19.41,19.22,19.41,22-Jun-2017
19.19,19,19.19,23-Jun-2017
18.94,18.75,18.94,27-Jun-2017
18.97,18.78,18.97,28-Jun-2017
18.99,18.8,18.99,29-Jun-2017
19.2,19.01,19.2,30-Jun-2017
19.29,19.1,19.29,03-Jul-2017
19.29,19.1,19.29,04-Jul-2017
19.48,19.29,19.48,05-Jul-2017
19.43,19.24,19.43,06-Jul-2017
19.4,19.21,19.4,07-Jul-2017
19.44,19.25,19.44,10-Jul-2017
19.35,19.16,19.35,11-Jul-2017
19.45,19.26,19.45,12-Jul-2017
19.49,19.3,19.49,13-Jul-2017
19.42,19.23,19.42,14-Jul-2017
19.43,19.24,19.43,17-Jul-2017
19.33,19.14,19.33,18-Jul-2017
19.48,19.29,19.48,19-Jul-2017
19.42,19.23,19.42,20-Jul-2017
19.45,19.26,19.45,21-Jul-2017
19.43,19.24,19.43,24-Jul-2017
19.46,19.27,19.46,25-Jul-2017
19.45,19.26,19.45,26-Jul-2017
19.42,19.23,19.42,27-Jul-2017
19.43,19.24,19.43,28-Jul-2017
19.54,19.34,19.54,31-Jul-2017
19.54,19.34,19.54,01-Aug-2017
19.46,19.27,19.46,02-Aug-2017
19.32,19.13,19.32,03-Aug-2017
19.32,19.13,19.32,04-Aug-2017
19.41,19.22,19.41,07-Aug-2017
19.19,19,19.19,08-Aug-2017
19.01,18.82,19.01,09-Aug-2017
18.58,18.39,18.58,10-Aug-2017
18.53,18.34,18.53,11-Aug-2017
18.83,18.64,18.83,14-Aug-2017
18.96,18.77,18.96,16-Aug-2017
19.03,18.84,19.03,17-Aug-2017
18.93,18.74,18.93,18-Aug-2017
18.71,18.52,18.71,21-Aug-2017
18.7,18.51,18.7,22-Aug-2017
18.87,18.68,18.87,23-Aug-2017
18.89,18.7,18.89,24-Aug-2017
18.99,18.8,18.99,28-Aug-2017
18.84,18.65,18.84,29-Aug-2017
18.99,18.8,18.99,30-Aug-2017
19.09,18.9,19.09,31-Aug-2017
19.2,19.01,19.2,01-Sep-2017
19.1,18.91,19.1,04-Sep-2017
19.21,19.02,19.21,05-Sep-2017
19.21,19.02,19.21,06-Sep-2017
19.27,19.08,19.27,07-Sep-2017
19.3,19.11,19.3,08-Sep-2017
19.44,19.25,19.44,11-Sep-2017
19.61,19.41,19.61,12-Sep-2017
19.46,19.27,19.46,13-Sep-2017
19.47,19.28,19.47,14-Sep-2017
19.51,19.31,19.51,15-Sep-2017
19.67,19.47,19.67,18-Sep-2017
19.79,19.59,19.79,19-Sep-2017
19.75,19.55,19.75,20-Sep-2017
19.63,19.43,19.63,21-Sep-2017
19.13,18.94,19.13,22-Sep-2017
18.9,18.71,18.9,25-Sep-2017
18.98,18.79,18.98,26-Sep-2017
18.68,18.49,18.68,27-Sep-2017
18.8,18.61,18.8,28-Sep-2017
19.07,18.88,19.07,29-Sep-2017
19.12,18.93,19.12,03-Oct-2017
19.1,18.91,19.1,04-Oct-2017
19.18,18.99,19.18,05-Oct-2017
19.35,19.16,19.35,06-Oct-2017
19.33,19.14,19.33,09-Oct-2017
19.45,19.26,19.45,10-Oct-2017
19.39,19.2,19.39,11-Oct-2017
19.58,19.38,19.58,12-Oct-2017
19.65,19.45,19.65,13-Oct-2017
19.69,19.49,19.69,16-Oct-2017
19.71,19.51,19.71,17-Oct-2017
19.67,19.47,19.67,18-Oct-2017
19.73,19.53,19.73,23-Oct-2017
19.8,19.6,19.8,24-Oct-2017
19.86,19.66,19.86,25-Oct-2017
19.92,19.72,19.92,26-Oct-2017
19.89,19.69,19.89,27-Oct-2017
20.1,19.9,20.1,30-Oct-2017
20.18,19.98,20.18,31-Oct-2017
20.32,20.12,20.32,01-Nov-2017
20.29,20.09,20.29,02-Nov-2017
20.34,20.14,20.34,03-Nov-2017
20.41,20.21,20.41,06-Nov-2017
20.17,19.97,20.17,07-Nov-2017
20.04,19.84,20.04,08-Nov-2017
20.25,20.05,20.25,09-Nov-2017
20.23,20.03,20.23,10-Nov-2017
20.2,20,20.2,13-Nov-2017
20.1,19.9,20.1,14-Nov-2017
19.91,19.71,19.91,15-Nov-2017
20.12,19.92,20.12,16-Nov-2017
20.31,20.11,20.31,17-Nov-2017
20.41,20.21,20.41,20-Nov-2017
20.45,20.25,20.45,21-Nov-2017
20.51,20.3,20.51,22-Nov-2017
20.51,20.3,20.51,23-Nov-2017
20.61,20.4,20.61,24-Nov-2017
20.7,20.49,20.7,27-Nov-2017
20.84,20.63,20.84,28-Nov-2017
20.77,20.56,20.77,29-Nov-2017
20.68,20.47,20.68,30-Nov-2017
20.42,20.22,20.42,01-Dec-2017
20.42,20.22,20.42,04-Dec-2017
20.42,20.22,20.42,05-Dec-2017
20.23,20.03,20.23,06-Dec-2017
20.51,20.3,20.51,07-Dec-2017
20.67,20.46,20.67,08-Dec-2017
20.76,20.55,20.76,11-Dec-2017
20.61,20.4,20.61,12-Dec-2017
20.44,20.24,20.44,13-Dec-2017
20.47,20.27,20.47,14-Dec-2017
20.65,20.44,20.65,15-Dec-2017
20.77,20.56,20.77,18-Dec-2017
21.02,20.81,21.02,19-Dec-2017
21.13,20.92,21.13,20-Dec-2017
21.28,21.07,21.28,21-Dec-2017
21.37,21.16,21.37,22-Dec-2017
21.54,21.32,21.54,26-Dec-2017
21.47,21.26,21.47,27-Dec-2017
21.5,21.29,21.5,28-Dec-2017
21.66,21.44,21.66,29-Dec-2017
21.57,21.35,21.57,01-Jan-2018
21.46,21.25,21.46,02-Jan-2018
21.5,21.29,21.5,03-Jan-2018
21.64,21.42,21.64,04-Jan-2018
21.73,21.51,21.73,05-Jan-2018
21.82,21.6,21.82,08-Jan-2018
21.85,21.63,21.85,09-Jan-2018
21.81,21.59,21.81,10-Jan-2018
21.87,21.65,21.87,11-Jan-2018
21.99,21.77,21.99,12-Jan-2018
21.99,21.77,21.99,15-Jan-2018
21.59,21.37,21.59,16-Jan-2018
21.7,21.48,21.7,17-Jan-2018
21.3,21.09,21.3,18-Jan-2018
21.41,21.2,21.41,19-Jan-2018
21.45,21.24,21.45,22-Jan-2018
21.55,21.33,21.55,23-Jan-2018
21.49,21.28,21.49,24-Jan-2018
21.38,21.17,21.38,25-Jan-2018
21.26,21.05,21.26,29-Jan-2018
21.09,20.88,21.09,30-Jan-2018
20.89,20.68,20.89,31-Jan-2018
20.87,20.66,20.87,01-Feb-2018
20.02,19.82,20.02,02-Feb-2018
19.9,19.7,19.9,05-Feb-2018
19.58,19.38,19.58,06-Feb-2018
19.92,19.72,19.92,07-Feb-2018
20.2,20,20.2,08-Feb-2018
20.12,19.92,20.12,09-Feb-2018
20.45,20.25,20.45,12-Feb-2018
20.47,20.27,20.47,14-Feb-2018
20.39,20.19,20.39,15-Feb-2018
20.24,20.04,20.24,16-Feb-2018
20.08,19.88,20.08,19-Feb-2018
20.06,19.86,20.06,20-Feb-2018
20.05,19.85,20.05,21-Feb-2018
19.95,19.75,19.95,22-Feb-2018
20.21,20.01,20.21,23-Feb-2018
20.55,20.34,20.55,26-Feb-2018
20.52,20.31,20.52,27-Feb-2018
20.59,20.38,20.59,28-Feb-2018
20.47,20.27,20.47,01-Mar-2018
20.23,20.03,20.23,05-Mar-2018
20.05,19.85,20.05,06-Mar-2018
19.82,19.62,19.82,07-Mar-2018
19.95,19.75,19.95,08-Mar-2018
19.95,19.75,19.95,09-Mar-2018
20.12,19.92,20.12,12-Mar-2018
20.25,20.05,20.25,13-Mar-2018
20.21,20.01,20.21,14-Mar-2018
20.23,20.03,20.23,15-Mar-2018
20.04,19.84,20.04,16-Mar-2018
19.72,19.52,19.72,19-Mar-2018
19.69,19.49,19.69,20-Mar-2018
19.73,19.53,19.73,21-Mar-2018
19.69,19.49,19.69,22-Mar-2018
19.46,19.27,19.46,23-Mar-2018
19.66,19.46,19.66,26-Mar-2018
19.87,19.67,19.87,27-Mar-2018
19.77,19.57,19.77,28-Mar-2018
20.1,19.9,20.1,02-Apr-2018
20.3,20.1,20.3,03-Apr-2018
20.16,19.96,20.16,04-Apr-2018
20.5,20.3,20.5,05-Apr-2018
20.58,20.37,20.58,06-Apr-2018
20.66,20.45,20.66,09-Apr-2018
20.62,20.41,20.62,10-Apr-2018
20.67,20.46,20.67,11-Apr-2018
20.68,20.47,20.68,12-Apr-2018
20.79,20.58,20.79,13-Apr-2018
20.95,20.74,20.95,16-Apr-2018
20.97,20.76,20.97,17-Apr-2018
20.93,20.72,20.93,18-Apr-2018
21.12,20.91,21.12,19-Apr-2018
21.09,20.88,21.09,20-Apr-2018
21.28,21.07,21.28,23-Apr-2018
21.24,21.03,21.24,24-Apr-2018
21.29,21.08,21.29,25-Apr-2018
21.27,21.06,21.27,26-Apr-2018
21.36,21.15,21.36,27-Apr-2018
21.48,21.27,21.48,30-Apr-2018
21.27,21.06,21.27,02-May-2018
21.08,20.87,21.08,03-May-2018
20.99,20.78,20.99,04-May-2018
21.12,20.91,21.12,07-May-2018
21.18,20.97,21.18,08-May-2018
21.17,20.96,21.17,09-May-2018
20.94,20.73,20.94,10-May-2018
21.07,20.86,21.07,11-May-2018
20.83,20.62,20.83,14-May-2018
20.71,20.5,20.71,15-May-2018
20.71,20.5,20.71,16-May-2018
20.69,20.48,20.69,17-May-2018
20.38,20.18,20.38,18-May-2018
20.15,19.95,20.15,21-May-2018
20.18,19.98,20.18,22-May-2018
20.17,19.97,20.17,23-May-2018
20.13,19.93,20.13,24-May-2018
20.4,20.2,20.4,25-May-2018
20.62,20.41,20.62,28-May-2018
20.61,20.4,20.61,29-May-2018
20.64,20.43,20.64,30-May-2018
20.74,20.53,20.74,31-May-2018
20.44,20.24,20.44,01-Jun-2018
20.19,19.99,20.19,04-Jun-2018
19.88,19.68,19.88,05-Jun-2018
20.1,19.9,20.1,06-Jun-2018
20.39,20.19,20.39,07-Jun-2018
20.46,20.26,20.46,08-Jun-2018
20.43,20.23,20.43,11-Jun-2018
20.56,20.35,20.56,12-Jun-2018
20.5,20.3,20.5,13-Jun-2018
20.58,20.37,20.58,14-Jun-2018
20.59,20.38,20.59,15-Jun-2018
20.48,20.28,20.48,18-Jun-2018
20.34,20.14,20.34,19-Jun-2018
20.38,20.18,20.38,20-Jun-2018
20.26,20.06,20.26,21-Jun-2018
20.29,20.09,20.29,22-Jun-2018
20.21,20.01,20.21,25-Jun-2018
20.13,19.93,20.13,26-Jun-2018
19.88,19.68,19.88,27-Jun-2018
19.63,19.43,19.63,28-Jun-2018
19.99,19.79,19.99,29-Jun-2018
19.86,19.66,19.86,02-Jul-2018
20,,,03-Jul-2018
20.03,,,04-Jul-2018
19.96,,,05-Jul-2018
19.94,,,06-Jul-2018
20.19,,,09-Jul-2018
20.34,,,10-Jul-2018
20.23,,,11-Jul-2018
20.27,,,12-Jul-2018
20.05,,,13-Jul-2018
19.65,,,16-Jul-2018
19.98,,,17-Jul-2018
19.84,,,18-Jul-2018
19.64,,,19-Jul-2018
19.69,,,20-Jul-2018
19.8,,,23-Jul-2018
20.05,,,24-Jul-2018
20.08,,,25-Jul-2018
20.16,,,26-Jul-2018
20.23,,,27-Jul-2018
20.24,,,30-Jul-2018
20.34,,,31-Jul-2018
20.3,,,01-Aug-2018
20.21,,,02-Aug-2018
20.41,,,03-Aug-2018
20.48,,,06-Aug-2018
20.42,,,07-Aug-2018
20.47,,,08-Aug-2018
20.47,,,09-Aug-2018
20.42,,,10-Aug-2018
20.21,,,13-Aug-2018
20.4,,,14-Aug-2018
20.32,,,16-Aug-2018
20.59,,,17-Aug-2018
20.64,,,20-Aug-2018
20.71,,,21-Aug-2018
20.7,,,23-Aug-2018
20.56,,,24-Aug-2018
20.73,,,27-Aug-2018
20.85,,,28-Aug-2018
20.85,,,29-Aug-2018
20.84,,,30-Aug-2018
20.9,,,31-Aug-2018
20.8,,,03-Sep-2018
20.37,,,04-Sep-2018
20.24,,,05-Sep-2018
20.3,,,06-Sep-2018
20.49,,,07-Sep-2018
20.25,,,10-Sep-2018
20.01,,,11-Sep-2018
19.97,,,12-Sep-2018
20.19,,,14-Sep-2018
20.1,,,17-Sep-2018
19.85,,,18-Sep-2018
19.71,,,19-Sep-2018
19.42,,,21-Sep-2018
19.03,,,24-Sep-2018
18.94,,,25-Sep-2018
18.98,,,26-Sep-2018
18.63,,,27-Sep-2018
18.22,,,28-Sep-2018
18.19,,,01-Oct-2018
18.1,,,03-Oct-2018
17.68,,,04-Oct-2018
17.34,,,05-Oct-2018
17.05,,,08-Oct-2018
16.98,,,09-Oct-2018
17.6,,,10-Oct-2018
17.32,,,11-Oct-2018
17.76,,,12-Oct-2018
17.9,,,15-Oct-2018
18.13,,,16-Oct-2018
17.88,,,17-Oct-2018
17.57,,,19-Oct-2018
17.26,,,22-Oct-2018
17.09,,,23-Oct-2018
17.16,,,24-Oct-2018
17.13,,,25-Oct-2018
17.19,,,26-Oct-2018
17.63,,,29-Oct-2018
17.77,,,30-Oct-2018
18.11,,,31-Oct-2018
18.34,,,01-Nov-2018
18.3,,,02-Nov-2018
18.26,,,05-Nov-2018
18.22,,,06-Nov-2018
18.49,,,09-Nov-2018
18.34,,,12-Nov-2018
18.4,,,13-Nov-2018
18.35,,,14-Nov-2018
18.39,,,15-Nov-2018
18.36,,,16-Nov-2018
18.41,,,19-Nov-2018
18.21,,,20-Nov-2018
18.21,,,21-Nov-2018
18.2,,,22-Nov-2018
18.16,,,26-Nov-2018
18.28,,,27-Nov-2018
18.18,,,28-Nov-2018
18.26,,,29-Nov-2018
18.41,,,30-Nov-2018
18.42,,,03-Dec-2018
18.37,,,04-Dec-2018
18.22,,,05-Dec-2018
17.94,,,06-Dec-2018
17.89,,,07-Dec-2018
17.48,,,10-Dec-2018
17.78,,,11-Dec-2018
18.23,,,12-Dec-2018
18.39,,,13-Dec-2018
18.41,,,14-Dec-2018
18.53,,,17-Dec-2018
18.55,,,18-Dec-2018
18.73,,,19-Dec-2018
18.68,,,20-Dec-2018
18.4,,,21-Dec-2018
18.19,,,24-Dec-2018
18.15,,,26-Dec-2018
18.23,,,27-Dec-2018
18.36,,,28-Dec-2018
18.5,,,31-Dec-2018
18.54,,,01-Jan-2019
18.45,,,02-Jan-2019
18.34,,,03-Jan-2019
18.34,,,04-Jan-2019
18.31,,,07-Jan-2019
18.34,,,08-Jan-2019
18.39,,,09-Jan-2019
18.44,,,10-Jan-2019
18.38,,,11-Jan-2019
18.33,,,14-Jan-2019
18.45,,,15-Jan-2019
18.42,,,16-Jan-2019
18.41,,,17-Jan-2019
18.36,,,18-Jan-2019
18.25,,,21-Jan-2019
18.23,,,22-Jan-2019
18.2,,,23-Jan-2019
18.23,,,24-Jan-2019
17.99,,,25-Jan-2019
17.67,,,28-Jan-2019
17.63,,,29-Jan-2019
17.82,,,30-Jan-2019
17.91,,,31-Jan-2019
18.01,,,01-Feb-2019
18.06,,,04-Feb-2019
18.07,,,05-Feb-2019
18.08,,,06-Feb-2019
18.19,,,07-Feb-2019
17.95,,,08-Feb-2019
17.61,,,11-Feb-2019
17.51,,,12-Feb-2019
17.44,,,13-Feb-2019
17.43,,,14-Feb-2019
17.28,,,15-Feb-2019
17.05,,,18-Feb-2019
17.05,,,19-Feb-2019
17.24,,,20-Feb-2019
17.34,,,21-Feb-2019
17.37,,,22-Feb-2019
17.53,,,25-Feb-2019
17.52,,,26-Feb-2019
17.58,,,27-Feb-2019
17.7,,,28-Feb-2019
18.02,,,01-Mar-2019
18.39,,,05-Mar-2019
18.51,,,06-Mar-2019
18.48,,,07-Mar-2019
18.54,,,08-Mar-2019
18.88,,,11-Mar-2019
19,,,12-Mar-2019
18.95,,,13-Mar-2019
18.92,,,14-Mar-2019
18.89,,,15-Mar-2019
18.84,,,18-Mar-2019
18.95,,,19-Mar-2019
18.93,,,20-Mar-2019
18.89,,,22-Mar-2019
18.71,,,25-Mar-2019
18.88,,,26-Mar-2019
19.05,,,27-Mar-2019
19.22,,,28-Mar-2019
19.32,,,29-Mar-2019
19.36,,,01-Apr-2019
19.34,,,02-Apr-2019
19.16,,,03-Apr-2019
19.1,,,04-Apr-2019
19.24,,,05-Apr-2019
19.08,,,08-Apr-2019
19.1,,,09-Apr-2019
19.08,,,10-Apr-2019
19.01,,,11-Apr-2019
19.02,,,12-Apr-2019
19.19,,,15-Apr-2019
19.35,,,16-Apr-2019
19.22,,,18-Apr-2019
18.99,,,22-Apr-2019
19.01,,,23-Apr-2019
19.07,,,24-Apr-2019
19.04,,,25-Apr-2019
18.99,,,26-Apr-2019
18.85,,,30-Apr-2019
18.72,,,02-May-2019
18.77,,,03-May-2019
18.6,,,06-May-2019
18.44,,,07-May-2019
18.22,,,08-May-2019
18.15,,,09-May-2019
18.2,,,10-May-2019
17.86,,,13-May-2019
17.87,,,14-May-2019
17.83,,,15-May-2019
17.84,,,16-May-2019
18.02,,,17-May-2019
18.7,,,20-May-2019
18.53,,,21-May-2019
18.56,,,22-May-2019
18.68,,,23-May-2019
19.13,,,24-May-2019
19.47,,,27-May-2019
19.52,,,28-May-2019
19.4,,,29-May-2019
19.48,,,30-May-2019
19.45,,,31-May-2019
19.6,,,03-Jun-2019
19.5,,,04-Jun-2019
19.15,,,06-Jun-2019
19.12,,,07-Jun-2019
19.14,,,10-Jun-2019
19.23,,,11-Jun-2019
19.13,,,12-Jun-2019
19.07,,,13-Jun-2019
18.93,,,14-Jun-2019
18.73,,,17-Jun-2019
18.75,,,18-Jun-2019
18.58,,,19-Jun-2019
18.71,,,20-Jun-2019
18.71,,,21-Jun-2019
18.7,,,24-Jun-2019
18.8,,,25-Jun-2019
18.93,,,26-Jun-2019
19.02,,,27-Jun-2019
19.01,,,28-Jun-2019
19.06,,,01-Jul-2019
19.09,,,02-Jul-2019
19.08,,,03-Jul-2019
19.09,,,04-Jul-2019
18.8,,,05-Jul-2019
18.39,,,08-Jul-2019
18.46,,,09-Jul-2019
18.39,,,10-Jul-2019
18.49,,,11-Jul-2019
18.54,,,12-Jul-2019
18.43,,,15-Jul-2019
18.45,,,16-Jul-2019
18.46,,,17-Jul-2019
18.19,,,18-Jul-2019
17.85,,,19-Jul-2019
17.61,,,22-Jul-2019
17.63,,,23-Jul-2019
17.42,,,24-Jul-2019
17.42,,,25-Jul-2019
17.47,,,26-Jul-2019
17.47,,,27-Jul-2019
17.47,,,28-Jul-2019
17.32,,,29-Jul-2019
17.08,,,30-Jul-2019
17.12,,,31-Jul-2019
17.01,,,01-Aug-2019
16.93,,,02-Aug-2019
16.72,,,05-Aug-2019
17.01,,,06-Aug-2019
17,,,07-Aug-2019
17.06,,,08-Aug-2019
17.19,,,09-Aug-2019
16.87,,,13-Aug-2019
16.94,,,14-Aug-2019
16.98,,,16-Aug-2019
17.05,,,19-Aug-2019
16.92,,,20-Aug-2019
16.76,,,21-Aug-2019
16.49,,,22-Aug-2019
16.69,,,23-Aug-2019
16.92,,,26-Aug-2019
17.06,,,27-Aug-2019
16.88,,,28-Aug-2019
16.8,,,29-Aug-2019
16.97,,,30-Aug-2019
16.77,,,03-Sep-2019
16.83,,,04-Sep-2019
16.83,,,05-Sep-2019
16.94,,,06-Sep-2019
17.13,,,09-Sep-2019
17.28,,,11-Sep-2019
17.23,,,12-Sep-2019
17.35,,,13-Sep-2019
17.38,,,16-Sep-2019
17.13,,,17-Sep-2019
17.23,,,18-Sep-2019
17.03,,,19-Sep-2019
17.97,,,20-Sep-2019
18.46,,,23-Sep-2019
18.53,,,24-Sep-2019
18.33,,,25-Sep-2019
18.45,,,26-Sep-2019
18.38,,,27-Sep-2019
18.16,,,30-Sep-2019
17.92,,,01-Oct-2019
17.97,,,03-Oct-2019
17.83,,,04-Oct-2019
17.8,,,07-Oct-2019
17.96,,,09-Oct-2019
17.8,,,10-Oct-2019
17.88,,,11-Oct-2019
17.88,,,14-Oct-2019
17.87,,,15-Oct-2019
17.85,,,16-Oct-2019
18.08,,,17-Oct-2019
18.31,,,18-Oct-2019
18.33,,,22-Oct-2019
18.34,,,23-Oct-2019
18.41,,,24-Oct-2019
18.32,,,25-Oct-2019
18.62,,,29-Oct-2019
18.69,,,30-Oct-2019
18.92,,,31-Oct-2019
18.96,,,01-Nov-2019
18.99,,,04-Nov-2019
18.79,,,05-Nov-2019
18.65,,,06-Nov-2019
18.76,,,07-Nov-2019
18.75,,,08-Nov-2019
18.74,,,11-Nov-2019
18.65,,,13-Nov-2019
18.77,,,14-Nov-2019
18.88,,,15-Nov-2019
18.92,,,18-Nov-2019
18.89,,,19-Nov-2019
18.95,,,20-Nov-2019
18.8,,,21-Nov-2019
18.74,,,22-Nov-2019
18.87,,,25-Nov-2019
18.78,,,26-Nov-2019
18.96,,,27-Nov-2019
19.06,,,28-Nov-2019
19.03,,,29-Nov-2019
18.94,,,02-Dec-2019
18.81,,,03-Dec-2019
18.87,,,04-Dec-2019
18.91,,,05-Dec-2019
18.75,,,06-Dec-2019
18.74,,,09-Dec-2019
18.58,,,10-Dec-2019
18.68,,,11-Dec-2019
18.83,,,12-Dec-2019
18.94,,,13-Dec-2019
18.84,,,16-Dec-2019
18.91,,,17-Dec-2019
18.86,,,18-Dec-2019
18.82,,,19-Dec-2019
18.79,,,20-Dec-2019
18.85,,,23-Dec-2019
18.84,,,24-Dec-2019
18.99,,,26-Dec-2019
19.23,,,27-Dec-2019
19.39,,,30-Dec-2019
19.44,,,31-Dec-2019
19.44,,,01-Jan-2020
19.63,,,02-Jan-2020
19.53,,,03-Jan-2020
19.14,,,06-Jan-2020
19.25,,,07-Jan-2020
19.32,,,08-Jan-2020
19.57,,,09-Jan-2020
19.64,,,10-Jan-2020
19.81,,,13-Jan-2020
20.07,,,14-Jan-2020
20.29,,,15-Jan-2020
20.54,,,16-Jan-2020
20.64,,,17-Jan-2020
20.49,,,20-Jan-2020
20.5,,,21-Jan-2020
20.44,,,22-Jan-2020
20.71,,,23-Jan-2020
20.87,,,24-Jan-2020
20.86,,,27-Jan-2020
20.86,,,28-Jan-2020
20.91,,,29-Jan-2020
20.79,,,30-Jan-2020
20.8,,,31-Jan-2020
20.5,,,03-Feb-2020
20.85,,,04-Feb-2020
21.02,,,05-Feb-2020
21.15,,,06-Feb-2020
21.4,,,07-Feb-2020
21.28,,,10-Feb-2020
21.23,,,11-Feb-2020
21.34,,,12-Feb-2020
21.3,,,13-Feb-2020
21.21,,,14-Feb-2020
21.16,,,17-Feb-2020
21.21,,,18-Feb-2020
21.57,,,19-Feb-2020
21.75,,,20-Feb-2020
21.48,,,24-Feb-2020
21.41,,,25-Feb-2020
21.21,,,26-Feb-2020
21.1,,,27-Feb-2020
20.54,,,28-Feb-2020
20.42,,,02-Mar-2020
20.76,,,03-Mar-2020
20.46,,,04-Mar-2020
20.49,,,05-Mar-2020
20.17,,,06-Mar-2020
19.37,,,09-Mar-2020
19.26,,,11-Mar-2020
17.81,,,12-Mar-2020
18.3,,,13-Mar-2020
17.17,,,16-Mar-2020
16.85,,,17-Mar-2020
15.87,,,18-Mar-2020
15.26,,,19-Mar-2020
16.12,,,20-Mar-2020
13.98,,,23-Mar-2020
14.21,,,24-Mar-2020
14.81,,,25-Mar-2020
15.26,,,26-Mar-2020
15.3,,,27-Mar-2020
14.97,,,30-Mar-2020
15.37,,,31-Mar-2020
15.15,,,01-Apr-2020
15.15,,,01-Apr-2020
14.91,,,03-Apr-2020
14.91,,,03-Apr-2020
15.65,,,07-Apr-2020
15.65,,,07-Apr-2020
15.98,,,08-Apr-2020
15.98,,,08-Apr-2020
16.6,,,09-Apr-2020
16.6,,,09-Apr-2020
16.55,,,13-Apr-2020
16.55,,,13-Apr-2020
16.61,,,15-Apr-2020
16.61,,,15-Apr-2020
16.92,,,16-Apr-2020
16.92,,,16-Apr-2020
17.33,,,17-Apr-2020
17.33,,,17-Apr-2020
17.35,,,20-Apr-2020
17.35,,,20-Apr-2020
16.84,,,21-Apr-2020
16.84,,,21-Apr-2020
16.98,,,22-Apr-2020
16.98,,,22-Apr-2020
17.12,,,23-Apr-2020
17.12,,,23-Apr-2020
16.95,,,24-Apr-2020
16.95,,,24-Apr-2020
17.29,,,27-Apr-2020
17.29,,,27-Apr-2020
17.37,,,28-Apr-2020
17.37,,,28-Apr-2020
17.56,,,29-Apr-2020
17.56,,,29-Apr-2020
17.84,,,30-Apr-2020
17.84,,,30-Apr-2020
17.1,,,04-May-2020
17.1,,,04-May-2020
16.96,,,05-May-2020
16.96,,,05-May-2020
17.08,,,06-May-2020
17.08,,,06-May-2020
17.04,,,07-May-2020
17.04,,,07-May-2020
16.97,,,08-May-2020
16.97,,,08-May-2020
17.06,,,11-May-2020
17.06,,,11-May-2020
17.01,,,12-May-2020
17.01,,,12-May-2020
17.28,,,13-May-2020
17.28,,,13-May-2020
17.26,,,14-May-2020
17.26,,,14-May-2020
17.25,,,15-May-2020
17.25,,,15-May-2020
16.78,,,18-May-2020
16.78,,,18-May-2020
16.82,,,19-May-2020
16.82,,,19-May-2020
17.13,,,20-May-2020
17.13,,,20-May-2020
17.19,,,21-May-2020
17.19,,,21-May-2020
17.1,,,22-May-2020
17.1,,,22-May-2020
17.29,,,26-May-2020
17.29,,,26-May-2020
17.39,,,27-May-2020
17.39,,,27-May-2020
17.71,,,28-May-2020
17.71,,,28-May-2020
17.82,,,29-May-2020
17.82,,,29-May-2020
18.26,,,01-Jun-2020
18.26,,,01-Jun-2020
18.53,,,02-Jun-2020
18.53,,,02-Jun-2020
18.64,,,03-Jun-2020
18.64,,,03-Jun-2020
18.66,,,04-Jun-2020
18.66,,,04-Jun-2020
18.9,,,05-Jun-2020
18.9,,,05-Jun-2020
18.88,,,08-Jun-2020
18.88,,,08-Jun-2020
18.73,,,09-Jun-2020
18.73,,,09-Jun-2020
18.85,,,10-Jun-2020
18.85,,,10-Jun-2020
18.63,,,11-Jun-2020
18.63,,,11-Jun-2020
18.75,,,12-Jun-2020
18.75,,,12-Jun-2020
18.64,,,15-Jun-2020
18.64,,,15-Jun-2020
18.73,,,16-Jun-2020
18.73,,,16-Jun-2020
18.8,,,17-Jun-2020
18.8,,,17-Jun-2020
18.99,,,18-Jun-2020
18.99,,,18-Jun-2020
19.32,,,19-Jun-2020
19.32,,,19-Jun-2020
19.53,,,22-Jun-2020
19.53,,,22-Jun-2020
19.88,,,23-Jun-2020
19.88,,,23-Jun-2020
19.55,,,24-Jun-2020
19.55,,,24-Jun-2020
19.63,,,25-Jun-2020
19.63,,,25-Jun-2020
19.65,,,26-Jun-2020
19.5,,,29-Jun-2020
19.6,,,30-Jun-2020
19.66,,,01-Jul-2020
19.87,,,02-Jul-2020
19.97,,,03-Jul-2020
20.17,,,06-Jul-2020
20.39,,,07-Jul-2020
20.46,,,08-Jul-2020
20.65,,,09-Jul-2020
20.67,,,10-Jul-2020
20.66,,,13-Jul-2020
20.41,,,14-Jul-2020
20.52,,,15-Jul-2020
20.61,,,16-Jul-2020
20.77,,,17-Jul-2020
21.13,,,20-Jul-2020
21.13,,,21-Jul-2020
21.21,,,22-Jul-2020
21.35,,,23-Jul-2020
21.39,,,24-Jul-2020
21.26,,,27-Jul-2020
21.41,,,28-Jul-2020
21.48,,,29-Jul-2020
21.48,,,30-Jul-2020
21.63,,,31-Jul-2020
21.69,,,03-Aug-2020
21.79,,,04-Aug-2020
21.87,,,05-Aug-2020
22.05,,,06-Aug-2020
22.3,,,07-Aug-2020
22.52,,,10-Aug-2020
22.57,,,11-Aug-2020
22.5,,,12-Aug-2020
22.64,,,13-Aug-2020
22.47,,,14-Aug-2020
22.58,,,17-Aug-2020
22.9,,,18-Aug-2020
23.06,,,19-Aug-2020
23.18,,,20-Aug-2020
23.39,,,21-Aug-2020
23.56,,,24-Aug-2020
23.73,,,25-Aug-2020
23.76,,,26-Aug-2020
23.74,,,27-Aug-2020
23.77,,,28-Aug-2020
22.8,,,31-Aug-2020
22.95,,,01-Sep-2020
23.46,,,02-Sep-2020
23.49,,,03-Sep-2020
23.17,,,04-Sep-2020
23.12,,,07-Sep-2020
22.99,,,08-Sep-2020
22.82,,,09-Sep-2020
23.04,,,10-Sep-2020
23.22,,,11-Sep-2020
24.07,,,14-Sep-2020
24.46,,,15-Sep-2020
24.55,,,16-Sep-2020
24.46,,,17-Sep-2020
24.48,,,18-Sep-2020
23.7,,,21-Sep-2020
23.44,,,22-Sep-2020
23.45,,,23-Sep-2020
23,,,24-Sep-2020
23.63,,,25-Sep-2020
24.32,,,28-Sep-2020
24.3,,,29-Sep-2020
24.22,,,30-Sep-2020
24.31,,,01-Oct-2020
24.43,,,05-Oct-2020
24.62,,,06-Oct-2020
24.57,,,07-Oct-2020
24.61,,,08-Oct-2020
24.56,,,09-Oct-2020
24.57,,,12-Oct-2020
24.65,,,13-Oct-2020
24.53,,,14-Oct-2020
24.07,,,15-Oct-2020
24.34,,,16-Oct-2020
24.51,,,19-Oct-2020
24.62,,,20-Oct-2020
24.62,,,21-Oct-2020
24.74,,,22-Oct-2020
24.86,,,23-Oct-2020
24.5,,,26-Oct-2020
24.68,,,27-Oct-2020
24.37,,,28-Oct-2020
24.27,,,29-Oct-2020
24.32,,,30-Oct-2020
24.34,,,02-Nov-2020
24.55,,,03-Nov-2020
24.74,,,04-Nov-2020
25.15,,,05-Nov-2020
25.26,,,06-Nov-2020
25.59,,,09-Nov-2020
25.47,,,10-Nov-2020
25.44,,,11-Nov-2020
25.54,,,12-Nov-2020
25.78,,,13-Nov-2020
26.11,,,17-Nov-2020
26.39,,,18-Nov-2020
26.21,,,19-Nov-2020
26.54,,,20-Nov-2020
26.88,,,23-Nov-2020
27.12,,,24-Nov-2020
26.69,,,25-Nov-2020
26.96,,,26-Nov-2020
27.54,,,27-Nov-2020
27.72,,,01-Dec-2020
27.76,,,02-Dec-2020
27.89,,,03-Dec-2020
28.01,,,04-Dec-2020
28.38,,,07-Dec-2020
28.43,,,08-Dec-2020
28.33,,,09-Dec-2020
28.06,,,10-Dec-2020
28.24,,,11-Dec-2020
28.39,,,14-Dec-2020
28.45,,,15-Dec-2020
28.68,,,16-Dec-2020
28.68,,,17-Dec-2020
28.65,,,18-Dec-2020
27.37,,,21-Dec-2020
27.62,,,22-Dec-2020
28.45,,,23-Dec-2020
28.6,,,24-Dec-2020
29.01,,,28-Dec-2020
28.97,,,29-Dec-2020
29.18,,,30-Dec-2020
29.38,,,31-Dec-2020
29.7,,,01-Jan-2021
30.26,,,04-Jan-2021
30.51,,,05-Jan-2021
30.49,,,06-Jan-2021
30.86,,,07-Jan-2021
31.2,,,08-Jan-2021
31.24,,,11-Jan-2021
31.44,,,12-Jan-2021
31.32,,,13-Jan-2021
31.46,,,14-Jan-2021
30.97,,,15-Jan-2021
30.4,,,18-Jan-2021
31.02,,,19-Jan-2021
31.31,,,20-Jan-2021
31.1,,,21-Jan-2021
30.85,,,22-Jan-2021
30.5,,,25-Jan-2021
30.2,,,27-Jan-2021
30.04,,,28-Jan-2021
29.97,,,29-Jan-2021
31,,,01-Feb-2021
31.66,,,02-Feb-2021
32.05,,,03-Feb-2021
32.51,,,04-Feb-2021
32.41,,,05-Feb-2021
33.01,,,08-Feb-2021
32.92,,,09-Feb-2021
33.27,,,10-Feb-2021
33.5,,,11-Feb-2021
33.49,,,12-Feb-2021
33.75,,,15-Feb-2021
33.79,,,16-Feb-2021
33.87,,,17-Feb-2021
33.81,,,18-Feb-2021
33.36,,,19-Feb-2021
32.85,,,22-Feb-2021
33.14,,,23-Feb-2021
33.38,,,24-Feb-2021
33.87,,,25-Feb-2021
33.46,,,26-Feb-2021
33.88,,,01-Mar-2021
34.31,,,02-Mar-2021
34.7,,,03-Mar-2021
34.83,,,04-Mar-2021
34.09,,,05-Mar-2021
34.2,,,08-Mar-2021
34.08,,,09-Mar-2021
34.55,,,10-Mar-2021
34.37,,,12-Mar-2021
34.27,,,15-Mar-2021
34.38,,,16-Mar-2021
33.68,,,17-Mar-2021
33.24,,,18-Mar-2021
33.74,,,19-Mar-2021
33.74,,,22-Mar-2021
33.86,,,23-Mar-2021
33.38,,,24-Mar-2021
32.92,,,25-Mar-2021
33.37,,,26-Mar-2021
33.96,,,30-Mar-2021
34.03,,,31-Mar-2021
34.52,,,01-Apr-2021
34.1,,,05-Apr-2021
34.3,,,06-Apr-2021
34.99,,,07-Apr-2021
35.4,,,08-Apr-2021
35.35,,,09-Apr-2021
33.56,,,12-Apr-2021
33.88,,,13-Apr-2021
34.01,,,15-Apr-2021
34.27,,,16-Apr-2021
33.73,,,19-Apr-2021
33.8,,,20-Apr-2021
33.99,,,22-Apr-2021
34.15,,,23-Apr-2021
34.71,,,26-Apr-2021
35.26,,,27-Apr-2021
35.78,,,28-Apr-2021
35.72,,,29-Apr-2021
35.58,,,30-Apr-2021
35.73,,,03-May-2021
35.54,,,04-May-2021
35.86,,,05-May-2021
36.29,,,06-May-2021
36.1,,,07-May-2021
36.36,,,10-May-2021
36.66,,,11-May-2021
36.21,,,12-May-2021
35.91,,,14-May-2021
36.37,,,17-May-2021
37.01,,,18-May-2021
37,,,19-May-2021
37.07,,,20-May-2021
37.29,,,21-May-2021
37.55,,,24-May-2021
37.57,,,25-May-2021
37.69,,,26-May-2021
37.85,,,27-May-2021
37.77,,,28-May-2021
37.96,,,31-May-2021
37.85,,,01-Jun-2021
38.11,,,02-Jun-2021
38.59,,,03-Jun-2021
38.67,,,04-Jun-2021
38.92,,,07-Jun-2021
39.1,,,08-Jun-2021
38.8,,,09-Jun-2021
39.45,,,10-Jun-2021
39.54,,,11-Jun-2021
39.45,,,14-Jun-2021
39.83,,,15-Jun-2021
39.87,,,16-Jun-2021
39.49,,,17-Jun-2021
39.17,,,18-Jun-2021
39.34,,,21-Jun-2021
39.44,,,22-Jun-2021
39.36,,,23-Jun-2021
39.46,,,24-Jun-2021
39.79,,,25-Jun-2021
39.88,,,28-Jun-2021
39.65,,,29-Jun-2021
39.95,,,30-Jun-2021
40.06,,,01-Jul-2021
40.26,,,02-Jul-2021
40.53,,,05-Jul-2021
40.38,,,06-Jul-2021
40.69,,,07-Jul-2021
40.7,,,08-Jul-2021
40.72,,,09-Jul-2021
40.86,,,12-Jul-2021
40.89,,,13-Jul-2021
41.18,,,14-Jul-2021
41.62,,,15-Jul-2021
41.79,,,16-Jul-2021
41.55,,,19-Jul-2021
41.19,,,20-Jul-2021
41.98,,,22-Jul-2021
42.05,,,23-Jul-2021
42.16,,,26-Jul-2021
42.19,,,27-Jul-2021
42.08,,,28-Jul-2021
42.52,,,29-Jul-2021
43.07,,,30-Jul-2021
43.51,,,02-Aug-2021
43.71,,,03-Aug-2021
43.21,,,04-Aug-2021
42.98,,,05-Aug-2021
43.13,,,06-Aug-2021
43.03,,,09-Aug-2021
42.84,,,10-Aug-2021
42.68,,,11-Aug-2021
43.37,,,12-Aug-2021
43.2,,,13-Aug-2021
42.97,,,16-Aug-2021
43.47,,,17-Aug-2021
43.6,,,18-Aug-2021
42.99,,,20-Aug-2021
42.69,,,23-Aug-2021
42.88,,,24-Aug-2021
42.91,,,25-Aug-2021
42.92,,,26-Aug-2021
43.36,,,27-Aug-2021
44.2,,,30-Aug-2021
44.63,,,31-Aug-2021
44.7,,,01-Sep-2021
45.22,,,02-Sep-2021
45.39,,,03-Sep-2021
45.82,,,06-Sep-2021
45.66,,,07-Sep-2021
45.84,,,08-Sep-2021
45.97,,,09-Sep-2021
46.3,,,13-Sep-2021
46.56,,,14-Sep-2021
46.99,,,15-Sep-2021
47,,,16-Sep-2021
46.37,,,17-Sep-2021
45.58,,,20-Sep-2021
45.95,,,21-Sep-2021
46.44,,,22-Sep-2021
47.01,,,23-Sep-2021
46.73,,,24-Sep-2021
46.65,,,27-Sep-2021
46.29,,,28-Sep-2021
46.3,,,29-Sep-2021
46.39,,,30-Sep-2021
46.29,,,01-Oct-2021
46.99,,,04-Oct-2021
47.11,,,05-Oct-2021
46.45,,,06-Oct-2021
47.41,,,07-Oct-2021
47.8,,,08-Oct-2021
47.88,,,11-Oct-2021
47.91,,,12-Oct-2021
48.53,,,13-Oct-2021
49.03,,,14-Oct-2021
49.38,,,18-Oct-2021
48.79,,,19-Oct-2021
48.11,,,20-Oct-2021
47.89,,,21-Oct-2021
47.49,,,22-Oct-2021
46.7,,,25-Oct-2021
47.19,,,26-Oct-2021
47.42,,,27-Oct-2021
47,,,28-Oct-2021
47.3,,,29-Oct-2021
48.18,,,01-Nov-2021
48.41,,,02-Nov-2021
48.31,,,03-Nov-2021
49.37,,,08-Nov-2021
49.79,,,09-Nov-2021
49.74,,,10-Nov-2021
49.49,,,11-Nov-2021
49.71,,,12-Nov-2021
49.75,,,15-Nov-2021
49.65,,,16-Nov-2021
49.58,,,17-Nov-2021
48.73,,,18-Nov-2021
47.13,,,22-Nov-2021
47.72,,,23-Nov-2021
47.77,,,24-Nov-2021
48.03,,,25-Nov-2021
46.5,,,26-Nov-2021
45.97,,,29-Nov-2021
46.51,,,30-Nov-2021
46.68,,,01-Dec-2021
47.18,,,02-Dec-2021
47,,,03-Dec-2021
46.31,,,06-Dec-2021
46.88,,,07-Dec-2021
47.67,,,08-Dec-2021
48.01,,,09-Dec-2021
48.3,,,10-Dec-2021
48.61,,,13-Dec-2021
48.4,,,14-Dec-2021
48.07,,,15-Dec-2021
47.85,,,16-Dec-2021
47.2,,,17-Dec-2021
45.92,,,20-Dec-2021
46.66,,,21-Dec-2021
47.24,,,22-Dec-2021
47.5,,,23-Dec-2021
47.28,,,24-Dec-2021
47.42,,,27-Dec-2021
48.02,,,28-Dec-2021
48.25,,,29-Dec-2021
48.61,,,30-Dec-2021
49.04,,,31-Dec-2021
49.39,,,03-Jan-2022
49.55,,,04-Jan-2022
49.48,,,05-Jan-2022
49.3,,,06-Jan-2022
49.56,,,07-Jan-2022
49.9,,,10-Jan-2022
50.23,,,11-Jan-2022
50.74,,,12-Jan-2022
50.78,,,13-Jan-2022
50.9,,,14-Jan-2022
50.97,,,17-Jan-2022
50.3,,,18-Jan-2022
50.24,,,19-Jan-2022
50.13,,,20-Jan-2022
49.25,,,21-Jan-2022
47.58,,,24-Jan-2022
47.69,,,25-Jan-2022
47.26,,,27-Jan-2022
47.75,,,28-Jan-2022
48.29,,,31-Jan-2022
48.85,,,01-Feb-2022
49.47,,,02-Feb-2022
49.15,,,03-Feb-2022
48.86,,,04-Feb-2022
48.44,,,07-Feb-2022
48,,,08-Feb-2022
48.54,,,09-Feb-2022
48.48,,,10-Feb-2022
47.67,,,11-Feb-2022
45.86,,,14-Feb-2022
46.87,,,15-Feb-2022
46.9,,,16-Feb-2022
46.61,,,17-Feb-2022
46.31,,,18-Feb-2022
45.94,,,21-Feb-2022
45.53,,,22-Feb-2022
45.7,,,23-Feb-2022
43.42,,,24-Feb-2022
44.99,,,25-Feb-2022
45.13,,,28-Feb-2022
44.85,,,02-Mar-2022
44.65,,,03-Mar-2022
43.79,,,04-Mar-2022
42.88,,,07-Mar-2022
43.36,,,08-Mar-2022
44.16,,,09-Mar-2022
44.63,,,10-Mar-2022
44.79,,,11-Mar-2022
44.97,,,14-Mar-2022
44.69,,,15-Mar-2022
45.54,,,16-Mar-2022
45.99,,,17-Mar-2022
46,,,21-Mar-2022
46.14,,,22-Mar-2022
46.2,,,23-Mar-2022
46.27,,,24-Mar-2022
46.14,,,25-Mar-2022
45.85,,,28-Mar-2022
46.38,,,29-Mar-2022
46.81,,,30-Mar-2022
46.88,,,31-Mar-2022
47.18,,,01-Apr-2022
47.85,,,04-Apr-2022
48.19,,,05-Apr-2022
48.31,,,06-Apr-2022
47.73,,,07-Apr-2022
48.3,,,08-Apr-2022
48.25,,,11-Apr-2022
47.61,,,12-Apr-2022
47.63,,,13-Apr-2022
46.98,,,18-Apr-2022
46.34,,,19-Apr-2022
46.28,,,20-Apr-2022
46.73,,,21-Apr-2022
46.46,,,22-Apr-2022
45.68,,,25-Apr-2022
46.25,,,26-Apr-2022
45.92,,,27-Apr-2022
46.14,,,28-Apr-2022
